Fap3;Type_mmo;Annee;Taux;;;
A0Z;Taux d'entrée;2007;65.99;;;
A1Z;Taux d'entrée;2007;89.24;;;
A2Z;Taux d'entrée;2007;14.25;;;
A3Z;Taux d'entrée;2007;55.84;;;
B0Z;Taux d'entrée;2007;45.29;;;
B1Z;Taux d'entrée;2007;49.4;;;
B2Z;Taux d'entrée;2007;33.26;;;
B3Z;Taux d'entrée;2007;66.47;;;
B4Z;Taux d'entrée;2007;26.03;;;
B5Z;Taux d'entrée;2007;25.63;;;
B6Z;Taux d'entrée;2007;21.64;;;
B7Z;Taux d'entrée;2007;28.14;;;
C0Z;Taux d'entrée;2007;27.39;;;
C1Z;Taux d'entrée;2007;20.37;;;
C2Z;Taux d'entrée;2007;13.82;;;
D0Z;Taux d'entrée;2007;18.42;;;
D1Z;Taux d'entrée;2007;12.75;;;
D2Z;Taux d'entrée;2007;22.39;;;
D3Z;Taux d'entrée;2007;23.07;;;
D4Z;Taux d'entrée;2007;13.61;;;
D6Z;Taux d'entrée;2007;6.35;;;
E0Z;Taux d'entrée;2007;89.97;;;
E1Z;Taux d'entrée;2007;33.58;;;
E2Z;Taux d'entrée;2007;9.25;;;
Ensemble;Taux d'entrée;2007;52.85;;;
F0Z;Taux d'entrée;2007;24.4;;;
F1Z;Taux d'entrée;2007;23.52;;;
F2Z;Taux d'entrée;2007;42.66;;;
F3Z;Taux d'entrée;2007;15.66;;;
F4Z;Taux d'entrée;2007;27.88;;;
F5Z;Taux d'entrée;2007;9.99;;;
G0A;Taux d'entrée;2007;34.63;;;
G0B;Taux d'entrée;2007;27.06;;;
G1Z;Taux d'entrée;2007;15.93;;;
H0Z;Taux d'entrée;2007;11.57;;;
J0Z;Taux d'entrée;2007;62.74;;;
J1Z;Taux d'entrée;2007;24.64;;;
J3Z;Taux d'entrée;2007;49.8;;;
J4Z;Taux d'entrée;2007;23.67;;;
J5Z;Taux d'entrée;2007;32.84;;;
J6Z;Taux d'entrée;2007;18.67;;;
K0Z;Taux d'entrée;2007;142.06;;;
L0Z;Taux d'entrée;2007;30.4;;;
L1Z;Taux d'entrée;2007;24.82;;;
L2Z;Taux d'entrée;2007;116.19;;;
L3Z;Taux d'entrée;2007;14.17;;;
L4Z;Taux d'entrée;2007;16.14;;;
L5Z;Taux d'entrée;2007;18.19;;;
L6Z;Taux d'entrée;2007;196.93;;;
M0Z;Taux d'entrée;2007;62.32;;;
M1Z;Taux d'entrée;2007;26.63;;;
M2Z;Taux d'entrée;2007;26.15;;;
N0Z;Taux d'entrée;2007;16.9;;;
P0Z;Taux d'entrée;2007;3.18;;;
P1Z;Taux d'entrée;2007;3.89;;;
P2Z;Taux d'entrée;2007;3.22;;;
P3Z;Taux d'entrée;2007;14.5;;;
P4Z;Taux d'entrée;2007;22.75;;;
Q0Z;Taux d'entrée;2007;18.41;;;
Q1Z;Taux d'entrée;2007;15.57;;;
Q2Z;Taux d'entrée;2007;6.64;;;
R0Z;Taux d'entrée;2007;144.9;;;
R1Z;Taux d'entrée;2007;73.26;;;
R2Z;Taux d'entrée;2007;21.45;;;
R3Z;Taux d'entrée;2007;22.82;;;
R4Z;Taux d'entrée;2007;16.32;;;
S0Z;Taux d'entrée;2007;36.48;;;
S1Z;Taux d'entrée;2007;124.52;;;
S2Z;Taux d'entrée;2007;163.98;;;
S3Z;Taux d'entrée;2007;15.64;;;
T0Z;Taux d'entrée;2007;43.82;;;
T1Z;Taux d'entrée;2007;38.99;;;
T2A;Taux d'entrée;2007;56.4;;;
T2B;Taux d'entrée;2007;17.55;;;
T3Z;Taux d'entrée;2007;73.82;;;
T4Z;Taux d'entrée;2007;166.54;;;
T6Z;Taux d'entrée;2007;525.46;;;
U0Z;Taux d'entrée;2007;44.16;;;
U1Z;Taux d'entrée;2007;266.08;;;
V0Z;Taux d'entrée;2007;116.42;;;
V1Z;Taux d'entrée;2007;102.45;;;
V2Z;Taux d'entrée;2007;75.26;;;
V3Z;Taux d'entrée;2007;28.12;;;
V4Z;Taux d'entrée;2007;49.61;;;
V5Z;Taux d'entrée;2007;203.33;;;
W0Z;Taux d'entrée;2007;37.01;;;
W1Z;Taux d'entrée;2007;93.08;;;
X0Z;Taux d'entrée;2007;1.33;;;
ZZZ;Taux d'entrée;2007;498.03;;;
A0Z;Taux d'entrée;2008;61.98;;;
A1Z;Taux d'entrée;2008;102.22;;;
A2Z;Taux d'entrée;2008;17.56;;;
A3Z;Taux d'entrée;2008;135.31;;;
B0Z;Taux d'entrée;2008;39.53;;;
B1Z;Taux d'entrée;2008;39.4;;;
B2Z;Taux d'entrée;2008;26.56;;;
B3Z;Taux d'entrée;2008;66.71;;;
B4Z;Taux d'entrée;2008;25.71;;;
B5Z;Taux d'entrée;2008;18.75;;;
B6Z;Taux d'entrée;2008;23.97;;;
B7Z;Taux d'entrée;2008;22.84;;;
C0Z;Taux d'entrée;2008;37.73;;;
C1Z;Taux d'entrée;2008;20.95;;;
C2Z;Taux d'entrée;2008;10;;;
D0Z;Taux d'entrée;2008;17.59;;;
D1Z;Taux d'entrée;2008;11.03;;;
D2Z;Taux d'entrée;2008;19.13;;;
D3Z;Taux d'entrée;2008;17.5;;;
D4Z;Taux d'entrée;2008;13.46;;;
D6Z;Taux d'entrée;2008;6.77;;;
E0Z;Taux d'entrée;2008;85.53;;;
E1Z;Taux d'entrée;2008;31.7;;;
E2Z;Taux d'entrée;2008;11.46;;;
Ensemble;Taux d'entrée;2008;51.57;;;
F0Z;Taux d'entrée;2008;20.11;;;
F1Z;Taux d'entrée;2008;28.07;;;
F2Z;Taux d'entrée;2008;30.5;;;
F3Z;Taux d'entrée;2008;15.44;;;
F4Z;Taux d'entrée;2008;25.28;;;
F5Z;Taux d'entrée;2008;13.69;;;
G0A;Taux d'entrée;2008;34.86;;;
G0B;Taux d'entrée;2008;25.23;;;
G1Z;Taux d'entrée;2008;13;;;
H0Z;Taux d'entrée;2008;10.97;;;
J0Z;Taux d'entrée;2008;52.39;;;
J1Z;Taux d'entrée;2008;22.19;;;
J3Z;Taux d'entrée;2008;39.27;;;
J4Z;Taux d'entrée;2008;21.48;;;
J5Z;Taux d'entrée;2008;29.49;;;
J6Z;Taux d'entrée;2008;13.19;;;
K0Z;Taux d'entrée;2008;162.26;;;
L0Z;Taux d'entrée;2008;30.53;;;
L1Z;Taux d'entrée;2008;23.54;;;
L2Z;Taux d'entrée;2008;120.27;;;
L3Z;Taux d'entrée;2008;16.59;;;
L4Z;Taux d'entrée;2008;16.56;;;
L5Z;Taux d'entrée;2008;19.56;;;
L6Z;Taux d'entrée;2008;151.15;;;
M0Z;Taux d'entrée;2008;80.37;;;
M1Z;Taux d'entrée;2008;24.57;;;
M2Z;Taux d'entrée;2008;25.81;;;
N0Z;Taux d'entrée;2008;15.24;;;
P0Z;Taux d'entrée;2008;2.92;;;
P1Z;Taux d'entrée;2008;1.88;;;
P2Z;Taux d'entrée;2008;2.36;;;
P3Z;Taux d'entrée;2008;5.72;;;
P4Z;Taux d'entrée;2008;5.28;;;
Q0Z;Taux d'entrée;2008;19.75;;;
Q1Z;Taux d'entrée;2008;13.7;;;
Q2Z;Taux d'entrée;2008;6.39;;;
R0Z;Taux d'entrée;2008;143.77;;;
R1Z;Taux d'entrée;2008;76.09;;;
R2Z;Taux d'entrée;2008;18.89;;;
R3Z;Taux d'entrée;2008;22.9;;;
R4Z;Taux d'entrée;2008;16.08;;;
S0Z;Taux d'entrée;2008;40.43;;;
S1Z;Taux d'entrée;2008;121.07;;;
S2Z;Taux d'entrée;2008;153.69;;;
S3Z;Taux d'entrée;2008;17.83;;;
T0Z;Taux d'entrée;2008;42.84;;;
T1Z;Taux d'entrée;2008;55.2;;;
T2A;Taux d'entrée;2008;69.19;;;
T2B;Taux d'entrée;2008;20.39;;;
T3Z;Taux d'entrée;2008;77.32;;;
T4Z;Taux d'entrée;2008;168.69;;;
T6Z;Taux d'entrée;2008;544.44;;;
U0Z;Taux d'entrée;2008;50.58;;;
U1Z;Taux d'entrée;2008;215.26;;;
V0Z;Taux d'entrée;2008;127.49;;;
V1Z;Taux d'entrée;2008;106.19;;;
V2Z;Taux d'entrée;2008;77.74;;;
V3Z;Taux d'entrée;2008;22.37;;;
V4Z;Taux d'entrée;2008;54.77;;;
V5Z;Taux d'entrée;2008;182.56;;;
W0Z;Taux d'entrée;2008;49.4;;;
W1Z;Taux d'entrée;2008;88.34;;;
X0Z;Taux d'entrée;2008;1.28;;;
ZZZ;Taux d'entrée;2008;472.21;;;
A0Z;Taux d'entrée;2009;100.8;;;
A1Z;Taux d'entrée;2009;136.76;;;
A2Z;Taux d'entrée;2009;10.44;;;
A3Z;Taux d'entrée;2009;80.24;;;
B0Z;Taux d'entrée;2009;30.14;;;
B1Z;Taux d'entrée;2009;29.55;;;
B2Z;Taux d'entrée;2009;20.87;;;
B3Z;Taux d'entrée;2009;51.07;;;
B4Z;Taux d'entrée;2009;25.59;;;
B5Z;Taux d'entrée;2009;15.2;;;
B6Z;Taux d'entrée;2009;13.39;;;
B7Z;Taux d'entrée;2009;14.94;;;
C0Z;Taux d'entrée;2009;20.19;;;
C1Z;Taux d'entrée;2009;16.4;;;
C2Z;Taux d'entrée;2009;7.26;;;
D0Z;Taux d'entrée;2009;7.25;;;
D1Z;Taux d'entrée;2009;5.71;;;
D2Z;Taux d'entrée;2009;10.23;;;
D3Z;Taux d'entrée;2009;15.11;;;
D4Z;Taux d'entrée;2009;7.33;;;
D6Z;Taux d'entrée;2009;3.24;;;
E0Z;Taux d'entrée;2009;67.5;;;
E1Z;Taux d'entrée;2009;25.11;;;
E2Z;Taux d'entrée;2009;7.56;;;
Ensemble;Taux d'entrée;2009;49.53;;;
F0Z;Taux d'entrée;2009;14.14;;;
F1Z;Taux d'entrée;2009;13.41;;;
F2Z;Taux d'entrée;2009;17.86;;;
F3Z;Taux d'entrée;2009;9.49;;;
F4Z;Taux d'entrée;2009;20.83;;;
F5Z;Taux d'entrée;2009;9.87;;;
G0A;Taux d'entrée;2009;31.81;;;
G0B;Taux d'entrée;2009;24.41;;;
G1Z;Taux d'entrée;2009;13.55;;;
H0Z;Taux d'entrée;2009;8.48;;;
J0Z;Taux d'entrée;2009;44.53;;;
J1Z;Taux d'entrée;2009;18.19;;;
J3Z;Taux d'entrée;2009;36.33;;;
J4Z;Taux d'entrée;2009;18.89;;;
J5Z;Taux d'entrée;2009;21.52;;;
J6Z;Taux d'entrée;2009;8;;;
K0Z;Taux d'entrée;2009;163.81;;;
L0Z;Taux d'entrée;2009;25.57;;;
L1Z;Taux d'entrée;2009;17.51;;;
L2Z;Taux d'entrée;2009;117.15;;;
L3Z;Taux d'entrée;2009;13.56;;;
L4Z;Taux d'entrée;2009;12.06;;;
L5Z;Taux d'entrée;2009;13.75;;;
L6Z;Taux d'entrée;2009;125.57;;;
M0Z;Taux d'entrée;2009;48.47;;;
M1Z;Taux d'entrée;2009;16.4;;;
M2Z;Taux d'entrée;2009;17.01;;;
N0Z;Taux d'entrée;2009;8.76;;;
P0Z;Taux d'entrée;2009;3.2;;;
P1Z;Taux d'entrée;2009;0.84;;;
P2Z;Taux d'entrée;2009;2.48;;;
P3Z;Taux d'entrée;2009;4.35;;;
P4Z;Taux d'entrée;2009;4.84;;;
Q0Z;Taux d'entrée;2009;19.22;;;
Q1Z;Taux d'entrée;2009;12.74;;;
Q2Z;Taux d'entrée;2009;4.07;;;
R0Z;Taux d'entrée;2009;146.31;;;
R1Z;Taux d'entrée;2009;67.64;;;
R2Z;Taux d'entrée;2009;23.23;;;
R3Z;Taux d'entrée;2009;18.78;;;
R4Z;Taux d'entrée;2009;12.72;;;
S0Z;Taux d'entrée;2009;37.96;;;
S1Z;Taux d'entrée;2009;132.48;;;
S2Z;Taux d'entrée;2009;145.4;;;
S3Z;Taux d'entrée;2009;15.76;;;
T0Z;Taux d'entrée;2009;39.43;;;
T1Z;Taux d'entrée;2009;126.67;;;
T2A;Taux d'entrée;2009;60.97;;;
T2B;Taux d'entrée;2009;33.61;;;
T3Z;Taux d'entrée;2009;81.4;;;
T4Z;Taux d'entrée;2009;160.66;;;
T6Z;Taux d'entrée;2009;780.72;;;
U0Z;Taux d'entrée;2009;42.96;;;
U1Z;Taux d'entrée;2009;273.23;;;
V0Z;Taux d'entrée;2009;143.28;;;
V1Z;Taux d'entrée;2009;112.65;;;
V2Z;Taux d'entrée;2009;71.89;;;
V3Z;Taux d'entrée;2009;29.31;;;
V4Z;Taux d'entrée;2009;57.16;;;
V5Z;Taux d'entrée;2009;185.69;;;
W0Z;Taux d'entrée;2009;41.8;;;
W1Z;Taux d'entrée;2009;78.9;;;
X0Z;Taux d'entrée;2009;1.38;;;
ZZZ;Taux d'entrée;2009;314.89;;;
A0Z;Taux d'entrée;2010;179.29;;;
A1Z;Taux d'entrée;2010;183.56;;;
A2Z;Taux d'entrée;2010;12.61;;;
A3Z;Taux d'entrée;2010;95.38;;;
B0Z;Taux d'entrée;2010;28.25;;;
B1Z;Taux d'entrée;2010;31.42;;;
B2Z;Taux d'entrée;2010;23.18;;;
B3Z;Taux d'entrée;2010;43.6;;;
B4Z;Taux d'entrée;2010;31.64;;;
B5Z;Taux d'entrée;2010;22.14;;;
B6Z;Taux d'entrée;2010;15.18;;;
B7Z;Taux d'entrée;2010;15.78;;;
C0Z;Taux d'entrée;2010;27.22;;;
C1Z;Taux d'entrée;2010;21.1;;;
C2Z;Taux d'entrée;2010;6.79;;;
D0Z;Taux d'entrée;2010;10.76;;;
D1Z;Taux d'entrée;2010;8.51;;;
D2Z;Taux d'entrée;2010;13.89;;;
D3Z;Taux d'entrée;2010;15.85;;;
D4Z;Taux d'entrée;2010;7.01;;;
D6Z;Taux d'entrée;2010;4.67;;;
E0Z;Taux d'entrée;2010;71.94;;;
E1Z;Taux d'entrée;2010;29.03;;;
E2Z;Taux d'entrée;2010;7.45;;;
Ensemble;Taux d'entrée;2010;53.15;;;
F0Z;Taux d'entrée;2010;23;;;
F1Z;Taux d'entrée;2010;15.69;;;
F2Z;Taux d'entrée;2010;15.71;;;
F3Z;Taux d'entrée;2010;10.13;;;
F4Z;Taux d'entrée;2010;23.6;;;
F5Z;Taux d'entrée;2010;10.9;;;
G0A;Taux d'entrée;2010;35.07;;;
G0B;Taux d'entrée;2010;23.09;;;
G1Z;Taux d'entrée;2010;13.39;;;
H0Z;Taux d'entrée;2010;13.04;;;
J0Z;Taux d'entrée;2010;44.53;;;
J1Z;Taux d'entrée;2010;21.7;;;
J3Z;Taux d'entrée;2010;32.93;;;
J4Z;Taux d'entrée;2010;17.91;;;
J5Z;Taux d'entrée;2010;29.44;;;
J6Z;Taux d'entrée;2010;7.77;;;
K0Z;Taux d'entrée;2010;162.32;;;
L0Z;Taux d'entrée;2010;26.91;;;
L1Z;Taux d'entrée;2010;18.97;;;
L2Z;Taux d'entrée;2010;123.62;;;
L3Z;Taux d'entrée;2010;15.22;;;
L4Z;Taux d'entrée;2010;11.94;;;
L5Z;Taux d'entrée;2010;15.66;;;
L6Z;Taux d'entrée;2010;132.89;;;
M0Z;Taux d'entrée;2010;46.5;;;
M1Z;Taux d'entrée;2010;16.2;;;
M2Z;Taux d'entrée;2010;20.03;;;
N0Z;Taux d'entrée;2010;12.9;;;
P0Z;Taux d'entrée;2010;4.58;;;
P1Z;Taux d'entrée;2010;5.69;;;
P2Z;Taux d'entrée;2010;7.55;;;
P3Z;Taux d'entrée;2010;11.66;;;
P4Z;Taux d'entrée;2010;7.11;;;
Q0Z;Taux d'entrée;2010;17.65;;;
Q1Z;Taux d'entrée;2010;13.36;;;
Q2Z;Taux d'entrée;2010;3.97;;;
R0Z;Taux d'entrée;2010;157.36;;;
R1Z;Taux d'entrée;2010;73.23;;;
R2Z;Taux d'entrée;2010;18.68;;;
R3Z;Taux d'entrée;2010;19.52;;;
R4Z;Taux d'entrée;2010;13.89;;;
S0Z;Taux d'entrée;2010;43.22;;;
S1Z;Taux d'entrée;2010;123.28;;;
S2Z;Taux d'entrée;2010;140.24;;;
S3Z;Taux d'entrée;2010;15.79;;;
T0Z;Taux d'entrée;2010;37.88;;;
T1Z;Taux d'entrée;2010;105.47;;;
T2A;Taux d'entrée;2010;65.44;;;
T2B;Taux d'entrée;2010;23.32;;;
T3Z;Taux d'entrée;2010;79.14;;;
T4Z;Taux d'entrée;2010;173.29;;;
T6Z;Taux d'entrée;2010;812.48;;;
U0Z;Taux d'entrée;2010;49.45;;;
U1Z;Taux d'entrée;2010;320.25;;;
V0Z;Taux d'entrée;2010;150.95;;;
V1Z;Taux d'entrée;2010;111.24;;;
V2Z;Taux d'entrée;2010;62.77;;;
V3Z;Taux d'entrée;2010;31.03;;;
V4Z;Taux d'entrée;2010;60.49;;;
V5Z;Taux d'entrée;2010;172.13;;;
W0Z;Taux d'entrée;2010;49.14;;;
W1Z;Taux d'entrée;2010;75.44;;;
X0Z;Taux d'entrée;2010;11.58;;;
ZZZ;Taux d'entrée;2010;253.17;;;
A0Z;Taux d'entrée;2011;107.47;;;
A1Z;Taux d'entrée;2011;116.86;;;
A2Z;Taux d'entrée;2011;14.49;;;
A3Z;Taux d'entrée;2011;107.01;;;
B0Z;Taux d'entrée;2011;26.18;;;
B1Z;Taux d'entrée;2011;31.19;;;
B2Z;Taux d'entrée;2011;20.54;;;
B3Z;Taux d'entrée;2011;49.18;;;
B4Z;Taux d'entrée;2011;25.84;;;
B5Z;Taux d'entrée;2011;17.08;;;
B6Z;Taux d'entrée;2011;14.23;;;
B7Z;Taux d'entrée;2011;14.41;;;
C0Z;Taux d'entrée;2011;28.11;;;
C1Z;Taux d'entrée;2011;22;;;
C2Z;Taux d'entrée;2011;9.08;;;
D0Z;Taux d'entrée;2011;13.87;;;
D1Z;Taux d'entrée;2011;12.67;;;
D2Z;Taux d'entrée;2011;14;;;
D3Z;Taux d'entrée;2011;13.52;;;
D4Z;Taux d'entrée;2011;9.85;;;
D6Z;Taux d'entrée;2011;6.05;;;
E0Z;Taux d'entrée;2011;89.04;;;
E1Z;Taux d'entrée;2011;32.2;;;
E2Z;Taux d'entrée;2011;11.49;;;
Ensemble;Taux d'entrée;2011;55.2;;;
F0Z;Taux d'entrée;2011;29.2;;;
F1Z;Taux d'entrée;2011;15.62;;;
F2Z;Taux d'entrée;2011;14.49;;;
F3Z;Taux d'entrée;2011;8.63;;;
F4Z;Taux d'entrée;2011;27.11;;;
F5Z;Taux d'entrée;2011;11.38;;;
G0A;Taux d'entrée;2011;34.43;;;
G0B;Taux d'entrée;2011;19.72;;;
G1Z;Taux d'entrée;2011;12.89;;;
H0Z;Taux d'entrée;2011;10.2;;;
J0Z;Taux d'entrée;2011;39.01;;;
J1Z;Taux d'entrée;2011;21.19;;;
J3Z;Taux d'entrée;2011;31.36;;;
J4Z;Taux d'entrée;2011;14.99;;;
J5Z;Taux d'entrée;2011;26.98;;;
J6Z;Taux d'entrée;2011;7.68;;;
K0Z;Taux d'entrée;2011;128.86;;;
L0Z;Taux d'entrée;2011;24.96;;;
L1Z;Taux d'entrée;2011;18.51;;;
L2Z;Taux d'entrée;2011;129.36;;;
L3Z;Taux d'entrée;2011;15.1;;;
L4Z;Taux d'entrée;2011;10.93;;;
L5Z;Taux d'entrée;2011;15.82;;;
L6Z;Taux d'entrée;2011;134.9;;;
M0Z;Taux d'entrée;2011;52.26;;;
M1Z;Taux d'entrée;2011;18.06;;;
M2Z;Taux d'entrée;2011;23.13;;;
N0Z;Taux d'entrée;2011;13.08;;;
P0Z;Taux d'entrée;2011;3.29;;;
P1Z;Taux d'entrée;2011;4.08;;;
P2Z;Taux d'entrée;2011;4.31;;;
P3Z;Taux d'entrée;2011;6.77;;;
P4Z;Taux d'entrée;2011;6.7;;;
Q0Z;Taux d'entrée;2011;16.88;;;
Q1Z;Taux d'entrée;2011;12.71;;;
Q2Z;Taux d'entrée;2011;3.6;;;
R0Z;Taux d'entrée;2011;162.03;;;
R1Z;Taux d'entrée;2011;60.84;;;
R2Z;Taux d'entrée;2011;13.39;;;
R3Z;Taux d'entrée;2011;26.87;;;
R4Z;Taux d'entrée;2011;15.34;;;
S0Z;Taux d'entrée;2011;32.09;;;
S1Z;Taux d'entrée;2011;93.78;;;
S2Z;Taux d'entrée;2011;138.65;;;
S3Z;Taux d'entrée;2011;11.44;;;
T0Z;Taux d'entrée;2011;26.68;;;
T1Z;Taux d'entrée;2011;93.53;;;
T2A;Taux d'entrée;2011;64.67;;;
T2B;Taux d'entrée;2011;29.37;;;
T3Z;Taux d'entrée;2011;91.09;;;
T4Z;Taux d'entrée;2011;186.75;;;
T6Z;Taux d'entrée;2011;931.33;;;
U0Z;Taux d'entrée;2011;47.41;;;
U1Z;Taux d'entrée;2011;315.51;;;
V0Z;Taux d'entrée;2011;188.76;;;
V1Z;Taux d'entrée;2011;149.6;;;
V2Z;Taux d'entrée;2011;68.75;;;
V3Z;Taux d'entrée;2011;29.25;;;
V4Z;Taux d'entrée;2011;64.6;;;
V5Z;Taux d'entrée;2011;162.13;;;
W0Z;Taux d'entrée;2011;38.22;;;
W1Z;Taux d'entrée;2011;73.12;;;
X0Z;Taux d'entrée;2011;0.91;;;
ZZZ;Taux d'entrée;2011;3964.75;;;
A0Z;Taux d'entrée;2012;298.9;;;
A1Z;Taux d'entrée;2012;248.21;;;
A2Z;Taux d'entrée;2012;18.15;;;
A3Z;Taux d'entrée;2012;68.17;;;
B0Z;Taux d'entrée;2012;22.77;;;
B1Z;Taux d'entrée;2012;26.48;;;
B2Z;Taux d'entrée;2012;16.13;;;
B3Z;Taux d'entrée;2012;43.47;;;
B4Z;Taux d'entrée;2012;22.26;;;
B5Z;Taux d'entrée;2012;13.18;;;
B6Z;Taux d'entrée;2012;10.89;;;
B7Z;Taux d'entrée;2012;12.58;;;
C0Z;Taux d'entrée;2012;31.91;;;
C1Z;Taux d'entrée;2012;23.73;;;
C2Z;Taux d'entrée;2012;7.29;;;
D0Z;Taux d'entrée;2012;9.26;;;
D1Z;Taux d'entrée;2012;10;;;
D2Z;Taux d'entrée;2012;16.73;;;
D3Z;Taux d'entrée;2012;12.17;;;
D4Z;Taux d'entrée;2012;10.84;;;
D6Z;Taux d'entrée;2012;5.72;;;
E0Z;Taux d'entrée;2012;78.44;;;
E1Z;Taux d'entrée;2012;33.07;;;
E2Z;Taux d'entrée;2012;9.7;;;
Ensemble;Taux d'entrée;2012;58.26;;;
F0Z;Taux d'entrée;2012;26.44;;;
F1Z;Taux d'entrée;2012;15.84;;;
F2Z;Taux d'entrée;2012;13.57;;;
F3Z;Taux d'entrée;2012;5.45;;;
F4Z;Taux d'entrée;2012;27.89;;;
F5Z;Taux d'entrée;2012;11.49;;;
G0A;Taux d'entrée;2012;36.03;;;
G0B;Taux d'entrée;2012;18.91;;;
G1Z;Taux d'entrée;2012;12.3;;;
H0Z;Taux d'entrée;2012;9.7;;;
J0Z;Taux d'entrée;2012;40.51;;;
J1Z;Taux d'entrée;2012;18.63;;;
J3Z;Taux d'entrée;2012;32.79;;;
J4Z;Taux d'entrée;2012;15.5;;;
J5Z;Taux d'entrée;2012;22.22;;;
J6Z;Taux d'entrée;2012;8.06;;;
K0Z;Taux d'entrée;2012;116.89;;;
L0Z;Taux d'entrée;2012;25.04;;;
L1Z;Taux d'entrée;2012;18.4;;;
L2Z;Taux d'entrée;2012;143.33;;;
L3Z;Taux d'entrée;2012;13.64;;;
L4Z;Taux d'entrée;2012;9.7;;;
L5Z;Taux d'entrée;2012;13.62;;;
L6Z;Taux d'entrée;2012;121.38;;;
M0Z;Taux d'entrée;2012;43.07;;;
M1Z;Taux d'entrée;2012;16.56;;;
M2Z;Taux d'entrée;2012;18.12;;;
N0Z;Taux d'entrée;2012;11.3;;;
P0Z;Taux d'entrée;2012;3.44;;;
P1Z;Taux d'entrée;2012;2.87;;;
P2Z;Taux d'entrée;2012;4.42;;;
P3Z;Taux d'entrée;2012;15.91;;;
P4Z;Taux d'entrée;2012;9.8;;;
Q0Z;Taux d'entrée;2012;16.06;;;
Q1Z;Taux d'entrée;2012;11.42;;;
Q2Z;Taux d'entrée;2012;3.04;;;
R0Z;Taux d'entrée;2012;154.62;;;
R1Z;Taux d'entrée;2012;64.32;;;
R2Z;Taux d'entrée;2012;11.7;;;
R3Z;Taux d'entrée;2012;22.74;;;
R4Z;Taux d'entrée;2012;13.38;;;
S0Z;Taux d'entrée;2012;38.31;;;
S1Z;Taux d'entrée;2012;93.79;;;
S2Z;Taux d'entrée;2012;129.06;;;
S3Z;Taux d'entrée;2012;8.54;;;
T0Z;Taux d'entrée;2012;25.52;;;
T1Z;Taux d'entrée;2012;73.8;;;
T2A;Taux d'entrée;2012;67.5;;;
T2B;Taux d'entrée;2012;31.52;;;
T3Z;Taux d'entrée;2012;93.97;;;
T4Z;Taux d'entrée;2012;186.83;;;
T6Z;Taux d'entrée;2012;712.92;;;
U0Z;Taux d'entrée;2012;46.39;;;
U1Z;Taux d'entrée;2012;379.88;;;
V0Z;Taux d'entrée;2012;200.95;;;
V1Z;Taux d'entrée;2012;161.79;;;
V2Z;Taux d'entrée;2012;64.15;;;
V3Z;Taux d'entrée;2012;29.44;;;
V4Z;Taux d'entrée;2012;66.35;;;
V5Z;Taux d'entrée;2012;201.13;;;
W0Z;Taux d'entrée;2012;41.18;;;
W1Z;Taux d'entrée;2012;78;;;
X0Z;Taux d'entrée;2012;1.3;;;
ZZZ;Taux d'entrée;2012;5859.44;;;
A0Z;Taux d'entrée;2013;256.62;;;
A1Z;Taux d'entrée;2013;140.28;;;
A2Z;Taux d'entrée;2013;14.32;;;
A3Z;Taux d'entrée;2013;74.04;;;
B0Z;Taux d'entrée;2013;24.82;;;
B1Z;Taux d'entrée;2013;33.09;;;
B2Z;Taux d'entrée;2013;17.28;;;
B3Z;Taux d'entrée;2013;49.28;;;
B4Z;Taux d'entrée;2013;25.11;;;
B5Z;Taux d'entrée;2013;11.92;;;
B6Z;Taux d'entrée;2013;11.71;;;
B7Z;Taux d'entrée;2013;14.22;;;
C0Z;Taux d'entrée;2013;35.88;;;
C1Z;Taux d'entrée;2013;27.08;;;
C2Z;Taux d'entrée;2013;6.24;;;
D0Z;Taux d'entrée;2013;8.32;;;
D1Z;Taux d'entrée;2013;9.73;;;
D2Z;Taux d'entrée;2013;12.83;;;
D3Z;Taux d'entrée;2013;10.71;;;
D4Z;Taux d'entrée;2013;9.4;;;
D6Z;Taux d'entrée;2013;4.49;;;
E0Z;Taux d'entrée;2013;86.79;;;
E1Z;Taux d'entrée;2013;30.73;;;
E2Z;Taux d'entrée;2013;7.37;;;
Ensemble;Taux d'entrée;2013;62.33;;;
F0Z;Taux d'entrée;2013;33.59;;;
F1Z;Taux d'entrée;2013;11.68;;;
F2Z;Taux d'entrée;2013;15.15;;;
F3Z;Taux d'entrée;2013;4.11;;;
F4Z;Taux d'entrée;2013;25.91;;;
F5Z;Taux d'entrée;2013;9.56;;;
G0A;Taux d'entrée;2013;40.65;;;
G0B;Taux d'entrée;2013;21.67;;;
G1Z;Taux d'entrée;2013;12.63;;;
H0Z;Taux d'entrée;2013;8.71;;;
J0Z;Taux d'entrée;2013;39.72;;;
J1Z;Taux d'entrée;2013;18.57;;;
J3Z;Taux d'entrée;2013;33.27;;;
J4Z;Taux d'entrée;2013;15.6;;;
J5Z;Taux d'entrée;2013;27.73;;;
J6Z;Taux d'entrée;2013;5.93;;;
K0Z;Taux d'entrée;2013;138.3;;;
L0Z;Taux d'entrée;2013;30.37;;;
L1Z;Taux d'entrée;2013;21.11;;;
L2Z;Taux d'entrée;2013;167.68;;;
L3Z;Taux d'entrée;2013;13.35;;;
L4Z;Taux d'entrée;2013;9.56;;;
L5Z;Taux d'entrée;2013;13.5;;;
L6Z;Taux d'entrée;2013;129.25;;;
M0Z;Taux d'entrée;2013;42.19;;;
M1Z;Taux d'entrée;2013;15.95;;;
M2Z;Taux d'entrée;2013;17.03;;;
N0Z;Taux d'entrée;2013;9.73;;;
P0Z;Taux d'entrée;2013;4.05;;;
P1Z;Taux d'entrée;2013;2.77;;;
P2Z;Taux d'entrée;2013;3.68;;;
P3Z;Taux d'entrée;2013;8.46;;;
P4Z;Taux d'entrée;2013;66.17;;;
Q0Z;Taux d'entrée;2013;20.33;;;
Q1Z;Taux d'entrée;2013;13.43;;;
Q2Z;Taux d'entrée;2013;3.29;;;
R0Z;Taux d'entrée;2013;176.29;;;
R1Z;Taux d'entrée;2013;65.61;;;
R2Z;Taux d'entrée;2013;11.22;;;
R3Z;Taux d'entrée;2013;39.62;;;
R4Z;Taux d'entrée;2013;12.64;;;
S0Z;Taux d'entrée;2013;37.53;;;
S1Z;Taux d'entrée;2013;103.52;;;
S2Z;Taux d'entrée;2013;151.11;;;
S3Z;Taux d'entrée;2013;10.67;;;
T0Z;Taux d'entrée;2013;27.85;;;
T1Z;Taux d'entrée;2013;40.5;;;
T2A;Taux d'entrée;2013;60.82;;;
T2B;Taux d'entrée;2013;6.2;;;
T3Z;Taux d'entrée;2013;98.24;;;
T4Z;Taux d'entrée;2013;205.97;;;
T6Z;Taux d'entrée;2013;1040.25;;;
U0Z;Taux d'entrée;2013;44.31;;;
U1Z;Taux d'entrée;2013;574.63;;;
V0Z;Taux d'entrée;2013;232.01;;;
V1Z;Taux d'entrée;2013;182.05;;;
V2Z;Taux d'entrée;2013;62.93;;;
V3Z;Taux d'entrée;2013;27.91;;;
V4Z;Taux d'entrée;2013;71.25;;;
V5Z;Taux d'entrée;2013;200.89;;;
W0Z;Taux d'entrée;2013;43.41;;;
W1Z;Taux d'entrée;2013;124.23;;;
X0Z;Taux d'entrée;2013;3.19;;;
ZZZ;Taux d'entrée;2013;2109.88;;;
A0Z;Taux d'entrée;2014;143.99;;;
A1Z;Taux d'entrée;2014;142.08;;;
A2Z;Taux d'entrée;2014;12.08;;;
A3Z;Taux d'entrée;2014;54.34;;;
B0Z;Taux d'entrée;2014;23.54;;;
B1Z;Taux d'entrée;2014;24.98;;;
B2Z;Taux d'entrée;2014;14.21;;;
B3Z;Taux d'entrée;2014;46.94;;;
B4Z;Taux d'entrée;2014;20.97;;;
B5Z;Taux d'entrée;2014;11.41;;;
B6Z;Taux d'entrée;2014;9.35;;;
B7Z;Taux d'entrée;2014;10.55;;;
C0Z;Taux d'entrée;2014;31.37;;;
C1Z;Taux d'entrée;2014;22.63;;;
C2Z;Taux d'entrée;2014;6.8;;;
D0Z;Taux d'entrée;2014;10.91;;;
D1Z;Taux d'entrée;2014;8.52;;;
D2Z;Taux d'entrée;2014;13.19;;;
D3Z;Taux d'entrée;2014;10.3;;;
D4Z;Taux d'entrée;2014;9.23;;;
D6Z;Taux d'entrée;2014;5.01;;;
E0Z;Taux d'entrée;2014;84.95;;;
E1Z;Taux d'entrée;2014;30.2;;;
E2Z;Taux d'entrée;2014;6.84;;;
Ensemble;Taux d'entrée;2014;62.05;;;
F0Z;Taux d'entrée;2014;32.01;;;
F1Z;Taux d'entrée;2014;12.77;;;
F2Z;Taux d'entrée;2014;12.48;;;
F3Z;Taux d'entrée;2014;4.24;;;
F4Z;Taux d'entrée;2014;32.06;;;
F5Z;Taux d'entrée;2014;8.49;;;
G0A;Taux d'entrée;2014;43.84;;;
G0B;Taux d'entrée;2014;23.34;;;
G1Z;Taux d'entrée;2014;15.32;;;
H0Z;Taux d'entrée;2014;8.07;;;
J0Z;Taux d'entrée;2014;41.59;;;
J1Z;Taux d'entrée;2014;17.75;;;
J3Z;Taux d'entrée;2014;32.92;;;
J4Z;Taux d'entrée;2014;18.39;;;
J5Z;Taux d'entrée;2014;28.1;;;
J6Z;Taux d'entrée;2014;17.09;;;
K0Z;Taux d'entrée;2014;132.74;;;
L0Z;Taux d'entrée;2014;22.06;;;
L1Z;Taux d'entrée;2014;20.86;;;
L2Z;Taux d'entrée;2014;154.12;;;
L3Z;Taux d'entrée;2014;14.01;;;
L4Z;Taux d'entrée;2014;9.78;;;
L5Z;Taux d'entrée;2014;15.4;;;
L6Z;Taux d'entrée;2014;94.15;;;
M0Z;Taux d'entrée;2014;45.39;;;
M1Z;Taux d'entrée;2014;15.01;;;
M2Z;Taux d'entrée;2014;17.16;;;
N0Z;Taux d'entrée;2014;10.45;;;
P0Z;Taux d'entrée;2014;3.92;;;
P1Z;Taux d'entrée;2014;0.72;;;
P2Z;Taux d'entrée;2014;3.24;;;
P3Z;Taux d'entrée;2014;11.38;;;
P4Z;Taux d'entrée;2014;3.76;;;
Q0Z;Taux d'entrée;2014;18.39;;;
Q1Z;Taux d'entrée;2014;15.85;;;
Q2Z;Taux d'entrée;2014;4.35;;;
R0Z;Taux d'entrée;2014;187.36;;;
R1Z;Taux d'entrée;2014;64.39;;;
R2Z;Taux d'entrée;2014;11.49;;;
R3Z;Taux d'entrée;2014;42.31;;;
R4Z;Taux d'entrée;2014;13.27;;;
S0Z;Taux d'entrée;2014;30.13;;;
S1Z;Taux d'entrée;2014;101.53;;;
S2Z;Taux d'entrée;2014;162.64;;;
S3Z;Taux d'entrée;2014;12.73;;;
T0Z;Taux d'entrée;2014;25.58;;;
T1Z;Taux d'entrée;2014;66.27;;;
T2A;Taux d'entrée;2014;51.84;;;
T2B;Taux d'entrée;2014;3.93;;;
T3Z;Taux d'entrée;2014;90.95;;;
T4Z;Taux d'entrée;2014;198.54;;;
T6Z;Taux d'entrée;2014;1185.5;;;
U0Z;Taux d'entrée;2014;47.12;;;
U1Z;Taux d'entrée;2014;633.49;;;
V0Z;Taux d'entrée;2014;252.51;;;
V1Z;Taux d'entrée;2014;189.61;;;
V2Z;Taux d'entrée;2014;65.21;;;
V3Z;Taux d'entrée;2014;29.83;;;
V4Z;Taux d'entrée;2014;72.03;;;
V5Z;Taux d'entrée;2014;177.15;;;
W0Z;Taux d'entrée;2014;47.86;;;
W1Z;Taux d'entrée;2014;109.4;;;
X0Z;Taux d'entrée;2014;2.36;;;
ZZZ;Taux d'entrée;2014;981.15;;;
A0Z;Taux de sortie;2007;65.6;;;
A1Z;Taux de sortie;2007;89.57;;;
A2Z;Taux de sortie;2007;14.81;;;
A3Z;Taux de sortie;2007;51.66;;;
B0Z;Taux de sortie;2007;37.18;;;
B1Z;Taux de sortie;2007;38.94;;;
B2Z;Taux de sortie;2007;31.03;;;
B3Z;Taux de sortie;2007;54.95;;;
B4Z;Taux de sortie;2007;28.79;;;
B5Z;Taux de sortie;2007;23.65;;;
B6Z;Taux de sortie;2007;19.19;;;
B7Z;Taux de sortie;2007;22.93;;;
C0Z;Taux de sortie;2007;22.24;;;
C1Z;Taux de sortie;2007;22.4;;;
C2Z;Taux de sortie;2007;12.17;;;
D0Z;Taux de sortie;2007;16.98;;;
D1Z;Taux de sortie;2007;13.5;;;
D2Z;Taux de sortie;2007;23.81;;;
D3Z;Taux de sortie;2007;21.76;;;
D4Z;Taux de sortie;2007;13.87;;;
D6Z;Taux de sortie;2007;6.65;;;
E0Z;Taux de sortie;2007;83.48;;;
E1Z;Taux de sortie;2007;33.64;;;
E2Z;Taux de sortie;2007;10.11;;;
Ensemble;Taux de sortie;2007;50.79;;;
F0Z;Taux de sortie;2007;26.78;;;
F1Z;Taux de sortie;2007;26.84;;;
F2Z;Taux de sortie;2007;41.25;;;
F3Z;Taux de sortie;2007;15.85;;;
F4Z;Taux de sortie;2007;30.67;;;
F5Z;Taux de sortie;2007;12.77;;;
G0A;Taux de sortie;2007;29.6;;;
G0B;Taux de sortie;2007;26.79;;;
G1Z;Taux de sortie;2007;15.88;;;
H0Z;Taux de sortie;2007;11.59;;;
J0Z;Taux de sortie;2007;59.81;;;
J1Z;Taux de sortie;2007;23.78;;;
J3Z;Taux de sortie;2007;44.95;;;
J4Z;Taux de sortie;2007;23.6;;;
J5Z;Taux de sortie;2007;28.26;;;
J6Z;Taux de sortie;2007;17.74;;;
K0Z;Taux de sortie;2007;135.17;;;
L0Z;Taux de sortie;2007;29.61;;;
L1Z;Taux de sortie;2007;20.58;;;
L2Z;Taux de sortie;2007;112.95;;;
L3Z;Taux de sortie;2007;13.89;;;
L4Z;Taux de sortie;2007;15.62;;;
L5Z;Taux de sortie;2007;17.37;;;
L6Z;Taux de sortie;2007;259.04;;;
M0Z;Taux de sortie;2007;58.88;;;
M1Z;Taux de sortie;2007;23.14;;;
M2Z;Taux de sortie;2007;19.22;;;
N0Z;Taux de sortie;2007;14.16;;;
P0Z;Taux de sortie;2007;3.93;;;
P1Z;Taux de sortie;2007;5.6;;;
P2Z;Taux de sortie;2007;2.71;;;
P3Z;Taux de sortie;2007;17.78;;;
P4Z;Taux de sortie;2007;24.27;;;
Q0Z;Taux de sortie;2007;16.65;;;
Q1Z;Taux de sortie;2007;14.73;;;
Q2Z;Taux de sortie;2007;5.52;;;
R0Z;Taux de sortie;2007;139.76;;;
R1Z;Taux de sortie;2007;70.75;;;
R2Z;Taux de sortie;2007;20.36;;;
R3Z;Taux de sortie;2007;22.59;;;
R4Z;Taux de sortie;2007;16.75;;;
S0Z;Taux de sortie;2007;36.54;;;
S1Z;Taux de sortie;2007;122.13;;;
S2Z;Taux de sortie;2007;156.13;;;
S3Z;Taux de sortie;2007;18.04;;;
T0Z;Taux de sortie;2007;39.42;;;
T1Z;Taux de sortie;2007;28.9;;;
T2A;Taux de sortie;2007;48.42;;;
T2B;Taux de sortie;2007;19.39;;;
T3Z;Taux de sortie;2007;69.93;;;
T4Z;Taux de sortie;2007;164.49;;;
T6Z;Taux de sortie;2007;509.29;;;
U0Z;Taux de sortie;2007;40.28;;;
U1Z;Taux de sortie;2007;270.07;;;
V0Z;Taux de sortie;2007;114.18;;;
V1Z;Taux de sortie;2007;101.46;;;
V2Z;Taux de sortie;2007;78.8;;;
V3Z;Taux de sortie;2007;27.79;;;
V4Z;Taux de sortie;2007;46.14;;;
V5Z;Taux de sortie;2007;194.83;;;
W0Z;Taux de sortie;2007;36.09;;;
W1Z;Taux de sortie;2007;97.95;;;
X0Z;Taux de sortie;2007;1.79;;;
ZZZ;Taux de sortie;2007;469.62;;;
A0Z;Taux de sortie;2008;62.34;;;
A1Z;Taux de sortie;2008;96.26;;;
A2Z;Taux de sortie;2008;13.79;;;
A3Z;Taux de sortie;2008;121.84;;;
B0Z;Taux de sortie;2008;33.93;;;
B1Z;Taux de sortie;2008;40.91;;;
B2Z;Taux de sortie;2008;29.09;;;
B3Z;Taux de sortie;2008;62.94;;;
B4Z;Taux de sortie;2008;26.71;;;
B5Z;Taux de sortie;2008;22.27;;;
B6Z;Taux de sortie;2008;19.39;;;
B7Z;Taux de sortie;2008;20.04;;;
C0Z;Taux de sortie;2008;27.83;;;
C1Z;Taux de sortie;2008;19.37;;;
C2Z;Taux de sortie;2008;8.74;;;
D0Z;Taux de sortie;2008;18.26;;;
D1Z;Taux de sortie;2008;12.83;;;
D2Z;Taux de sortie;2008;17.42;;;
D3Z;Taux de sortie;2008;18.12;;;
D4Z;Taux de sortie;2008;13.76;;;
D6Z;Taux de sortie;2008;8.02;;;
E0Z;Taux de sortie;2008;85.2;;;
E1Z;Taux de sortie;2008;36;;;
E2Z;Taux de sortie;2008;12;;;
Ensemble;Taux de sortie;2008;50.53;;;
F0Z;Taux de sortie;2008;25.09;;;
F1Z;Taux de sortie;2008;33.02;;;
F2Z;Taux de sortie;2008;27.74;;;
F3Z;Taux de sortie;2008;18.08;;;
F4Z;Taux de sortie;2008;30.07;;;
F5Z;Taux de sortie;2008;15.09;;;
G0A;Taux de sortie;2008;33.35;;;
G0B;Taux de sortie;2008;27.13;;;
G1Z;Taux de sortie;2008;13.07;;;
H0Z;Taux de sortie;2008;11.07;;;
J0Z;Taux de sortie;2008;50.52;;;
J1Z;Taux de sortie;2008;22.36;;;
J3Z;Taux de sortie;2008;37.58;;;
J4Z;Taux de sortie;2008;22.45;;;
J5Z;Taux de sortie;2008;28.53;;;
J6Z;Taux de sortie;2008;12.81;;;
K0Z;Taux de sortie;2008;163.81;;;
L0Z;Taux de sortie;2008;28.53;;;
L1Z;Taux de sortie;2008;21.59;;;
L2Z;Taux de sortie;2008;115.8;;;
L3Z;Taux de sortie;2008;16.13;;;
L4Z;Taux de sortie;2008;15.89;;;
L5Z;Taux de sortie;2008;19.33;;;
L6Z;Taux de sortie;2008;217.18;;;
M0Z;Taux de sortie;2008;65.23;;;
M1Z;Taux de sortie;2008;21.11;;;
M2Z;Taux de sortie;2008;20.76;;;
N0Z;Taux de sortie;2008;12.97;;;
P0Z;Taux de sortie;2008;2.84;;;
P1Z;Taux de sortie;2008;1.33;;;
P2Z;Taux de sortie;2008;2.47;;;
P3Z;Taux de sortie;2008;9.45;;;
P4Z;Taux de sortie;2008;9.19;;;
Q0Z;Taux de sortie;2008;16.73;;;
Q1Z;Taux de sortie;2008;13.03;;;
Q2Z;Taux de sortie;2008;5.9;;;
R0Z;Taux de sortie;2008;139.37;;;
R1Z;Taux de sortie;2008;74.91;;;
R2Z;Taux de sortie;2008;19.36;;;
R3Z;Taux de sortie;2008;25.35;;;
R4Z;Taux de sortie;2008;17.8;;;
S0Z;Taux de sortie;2008;41.47;;;
S1Z;Taux de sortie;2008;119.57;;;
S2Z;Taux de sortie;2008;151.29;;;
S3Z;Taux de sortie;2008;20.12;;;
T0Z;Taux de sortie;2008;38.28;;;
T1Z;Taux de sortie;2008;52.98;;;
T2A;Taux de sortie;2008;63.92;;;
T2B;Taux de sortie;2008;21.45;;;
T3Z;Taux de sortie;2008;73.76;;;
T4Z;Taux de sortie;2008;166.3;;;
T6Z;Taux de sortie;2008;569.44;;;
U0Z;Taux de sortie;2008;49.19;;;
U1Z;Taux de sortie;2008;214.22;;;
V0Z;Taux de sortie;2008;126.58;;;
V1Z;Taux de sortie;2008;102.85;;;
V2Z;Taux de sortie;2008;71.34;;;
V3Z;Taux de sortie;2008;23.03;;;
V4Z;Taux de sortie;2008;52.33;;;
V5Z;Taux de sortie;2008;181.52;;;
W0Z;Taux de sortie;2008;48.61;;;
W1Z;Taux de sortie;2008;90.93;;;
X0Z;Taux de sortie;2008;2.14;;;
ZZZ;Taux de sortie;2008;428.05;;;
A0Z;Taux de sortie;2009;99.91;;;
A1Z;Taux de sortie;2009;134.25;;;
A2Z;Taux de sortie;2009;11.15;;;
A3Z;Taux de sortie;2009;76.17;;;
B0Z;Taux de sortie;2009;27.64;;;
B1Z;Taux de sortie;2009;29.2;;;
B2Z;Taux de sortie;2009;21.35;;;
B3Z;Taux de sortie;2009;39.15;;;
B4Z;Taux de sortie;2009;22.29;;;
B5Z;Taux de sortie;2009;16.57;;;
B6Z;Taux de sortie;2009;14.49;;;
B7Z;Taux de sortie;2009;13.64;;;
C0Z;Taux de sortie;2009;22.87;;;
C1Z;Taux de sortie;2009;19.63;;;
C2Z;Taux de sortie;2009;8.52;;;
D0Z;Taux de sortie;2009;13.19;;;
D1Z;Taux de sortie;2009;13.56;;;
D2Z;Taux de sortie;2009;14.9;;;
D3Z;Taux de sortie;2009;16.36;;;
D4Z;Taux de sortie;2009;11.9;;;
D6Z;Taux de sortie;2009;5.97;;;
E0Z;Taux de sortie;2009;72.47;;;
E1Z;Taux de sortie;2009;34.7;;;
E2Z;Taux de sortie;2009;8.27;;;
Ensemble;Taux de sortie;2009;48.99;;;
F0Z;Taux de sortie;2009;18.39;;;
F1Z;Taux de sortie;2009;20.54;;;
F2Z;Taux de sortie;2009;21.38;;;
F3Z;Taux de sortie;2009;13.31;;;
F4Z;Taux de sortie;2009;25.15;;;
F5Z;Taux de sortie;2009;13.41;;;
G0A;Taux de sortie;2009;32.35;;;
G0B;Taux de sortie;2009;22.47;;;
G1Z;Taux de sortie;2009;14.14;;;
H0Z;Taux de sortie;2009;9.33;;;
J0Z;Taux de sortie;2009;43.82;;;
J1Z;Taux de sortie;2009;20.99;;;
J3Z;Taux de sortie;2009;35.59;;;
J4Z;Taux de sortie;2009;21.69;;;
J5Z;Taux de sortie;2009;23.27;;;
J6Z;Taux de sortie;2009;9.3;;;
K0Z;Taux de sortie;2009;157.43;;;
L0Z;Taux de sortie;2009;24.99;;;
L1Z;Taux de sortie;2009;16.65;;;
L2Z;Taux de sortie;2009;112.7;;;
L3Z;Taux de sortie;2009;13.89;;;
L4Z;Taux de sortie;2009;12.79;;;
L5Z;Taux de sortie;2009;14.97;;;
L6Z;Taux de sortie;2009;165.56;;;
M0Z;Taux de sortie;2009;50.36;;;
M1Z;Taux de sortie;2009;16.16;;;
M2Z;Taux de sortie;2009;16.36;;;
N0Z;Taux de sortie;2009;8.19;;;
P0Z;Taux de sortie;2009;3.2;;;
P1Z;Taux de sortie;2009;0.63;;;
P2Z;Taux de sortie;2009;2.01;;;
P3Z;Taux de sortie;2009;8.94;;;
P4Z;Taux de sortie;2009;4.6;;;
Q0Z;Taux de sortie;2009;16.76;;;
Q1Z;Taux de sortie;2009;13.23;;;
Q2Z;Taux de sortie;2009;4.94;;;
R0Z;Taux de sortie;2009;149.49;;;
R1Z;Taux de sortie;2009;65.54;;;
R2Z;Taux de sortie;2009;23.52;;;
R3Z;Taux de sortie;2009;17.9;;;
R4Z;Taux de sortie;2009;15.72;;;
S0Z;Taux de sortie;2009;35.21;;;
S1Z;Taux de sortie;2009;120.58;;;
S2Z;Taux de sortie;2009;140.66;;;
S3Z;Taux de sortie;2009;17.84;;;
T0Z;Taux de sortie;2009;34.19;;;
T1Z;Taux de sortie;2009;99.78;;;
T2A;Taux de sortie;2009;57.39;;;
T2B;Taux de sortie;2009;36.69;;;
T3Z;Taux de sortie;2009;78.62;;;
T4Z;Taux de sortie;2009;157.53;;;
T6Z;Taux de sortie;2009;775.53;;;
U0Z;Taux de sortie;2009;45.67;;;
U1Z;Taux de sortie;2009;270.18;;;
V0Z;Taux de sortie;2009;139.72;;;
V1Z;Taux de sortie;2009;109.86;;;
V2Z;Taux de sortie;2009;70.05;;;
V3Z;Taux de sortie;2009;27.31;;;
V4Z;Taux de sortie;2009;53.57;;;
V5Z;Taux de sortie;2009;171.95;;;
W0Z;Taux de sortie;2009;41.26;;;
W1Z;Taux de sortie;2009;74.49;;;
X0Z;Taux de sortie;2009;1.75;;;
ZZZ;Taux de sortie;2009;304.21;;;
A0Z;Taux de sortie;2010;173.57;;;
A1Z;Taux de sortie;2010;183.43;;;
A2Z;Taux de sortie;2010;11.78;;;
A3Z;Taux de sortie;2010;86.89;;;
B0Z;Taux de sortie;2010;21.58;;;
B1Z;Taux de sortie;2010;28.74;;;
B2Z;Taux de sortie;2010;21.16;;;
B3Z;Taux de sortie;2010;35.12;;;
B4Z;Taux de sortie;2010;28.6;;;
B5Z;Taux de sortie;2010;22.96;;;
B6Z;Taux de sortie;2010;13.3;;;
B7Z;Taux de sortie;2010;14.37;;;
C0Z;Taux de sortie;2010;26.5;;;
C1Z;Taux de sortie;2010;19.1;;;
C2Z;Taux de sortie;2010;7.18;;;
D0Z;Taux de sortie;2010;10.68;;;
D1Z;Taux de sortie;2010;11.14;;;
D2Z;Taux de sortie;2010;15.26;;;
D3Z;Taux de sortie;2010;13.49;;;
D4Z;Taux de sortie;2010;8.86;;;
D6Z;Taux de sortie;2010;4.79;;;
E0Z;Taux de sortie;2010;69.64;;;
E1Z;Taux de sortie;2010;30.48;;;
E2Z;Taux de sortie;2010;7.83;;;
Ensemble;Taux de sortie;2010;51.11;;;
F0Z;Taux de sortie;2010;23.07;;;
F1Z;Taux de sortie;2010;15.99;;;
F2Z;Taux de sortie;2010;16.26;;;
F3Z;Taux de sortie;2010;9.31;;;
F4Z;Taux de sortie;2010;25.88;;;
F5Z;Taux de sortie;2010;13.69;;;
G0A;Taux de sortie;2010;35.68;;;
G0B;Taux de sortie;2010;23.41;;;
G1Z;Taux de sortie;2010;12.86;;;
H0Z;Taux de sortie;2010;13.89;;;
J0Z;Taux de sortie;2010;45.32;;;
J1Z;Taux de sortie;2010;21.41;;;
J3Z;Taux de sortie;2010;30.42;;;
J4Z;Taux de sortie;2010;18.76;;;
J5Z;Taux de sortie;2010;26.76;;;
J6Z;Taux de sortie;2010;8.1;;;
K0Z;Taux de sortie;2010;154.89;;;
L0Z;Taux de sortie;2010;25.9;;;
L1Z;Taux de sortie;2010;17.81;;;
L2Z;Taux de sortie;2010;114.59;;;
L3Z;Taux de sortie;2010;13.43;;;
L4Z;Taux de sortie;2010;11.7;;;
L5Z;Taux de sortie;2010;15.43;;;
L6Z;Taux de sortie;2010;160.36;;;
M0Z;Taux de sortie;2010;40.26;;;
M1Z;Taux de sortie;2010;13.43;;;
M2Z;Taux de sortie;2010;16.18;;;
N0Z;Taux de sortie;2010;9.12;;;
P0Z;Taux de sortie;2010;4.29;;;
P1Z;Taux de sortie;2010;13.82;;;
P2Z;Taux de sortie;2010;7.63;;;
P3Z;Taux de sortie;2010;21.15;;;
P4Z;Taux de sortie;2010;10.95;;;
Q0Z;Taux de sortie;2010;16.02;;;
Q1Z;Taux de sortie;2010;12.8;;;
Q2Z;Taux de sortie;2010;4.39;;;
R0Z;Taux de sortie;2010;156.88;;;
R1Z;Taux de sortie;2010;71.15;;;
R2Z;Taux de sortie;2010;17.75;;;
R3Z;Taux de sortie;2010;18.9;;;
R4Z;Taux de sortie;2010;14.08;;;
S0Z;Taux de sortie;2010;39.13;;;
S1Z;Taux de sortie;2010;117.11;;;
S2Z;Taux de sortie;2010;135.74;;;
S3Z;Taux de sortie;2010;14.11;;;
T0Z;Taux de sortie;2010;32.84;;;
T1Z;Taux de sortie;2010;89.43;;;
T2A;Taux de sortie;2010;63.09;;;
T2B;Taux de sortie;2010;22.32;;;
T3Z;Taux de sortie;2010;74.28;;;
T4Z;Taux de sortie;2010;169.6;;;
T6Z;Taux de sortie;2010;771.4;;;
U0Z;Taux de sortie;2010;46.8;;;
U1Z;Taux de sortie;2010;305.07;;;
V0Z;Taux de sortie;2010;148.81;;;
V1Z;Taux de sortie;2010;107.94;;;
V2Z;Taux de sortie;2010;63.16;;;
V3Z;Taux de sortie;2010;29.43;;;
V4Z;Taux de sortie;2010;58.46;;;
V5Z;Taux de sortie;2010;162.67;;;
W0Z;Taux de sortie;2010;44.64;;;
W1Z;Taux de sortie;2010;74.59;;;
X0Z;Taux de sortie;2010;11.56;;;
ZZZ;Taux de sortie;2010;255.75;;;
A0Z;Taux de sortie;2011;105.36;;;
A1Z;Taux de sortie;2011;114.09;;;
A2Z;Taux de sortie;2011;13.99;;;
A3Z;Taux de sortie;2011;106.19;;;
B0Z;Taux de sortie;2011;24.04;;;
B1Z;Taux de sortie;2011;30.73;;;
B2Z;Taux de sortie;2011;19.82;;;
B3Z;Taux de sortie;2011;40.46;;;
B4Z;Taux de sortie;2011;25.18;;;
B5Z;Taux de sortie;2011;17.5;;;
B6Z;Taux de sortie;2011;13.12;;;
B7Z;Taux de sortie;2011;12.68;;;
C0Z;Taux de sortie;2011;26.41;;;
C1Z;Taux de sortie;2011;21.35;;;
C2Z;Taux de sortie;2011;7.7;;;
D0Z;Taux de sortie;2011;12.59;;;
D1Z;Taux de sortie;2011;11.96;;;
D2Z;Taux de sortie;2011;13.76;;;
D3Z;Taux de sortie;2011;14.1;;;
D4Z;Taux de sortie;2011;8.19;;;
D6Z;Taux de sortie;2011;5.51;;;
E0Z;Taux de sortie;2011;83.78;;;
E1Z;Taux de sortie;2011;31.45;;;
E2Z;Taux de sortie;2011;10.69;;;
Ensemble;Taux de sortie;2011;53.34;;;
F0Z;Taux de sortie;2011;27.43;;;
F1Z;Taux de sortie;2011;14.33;;;
F2Z;Taux de sortie;2011;14.55;;;
F3Z;Taux de sortie;2011;8.35;;;
F4Z;Taux de sortie;2011;28.12;;;
F5Z;Taux de sortie;2011;11.94;;;
G0A;Taux de sortie;2011;34.66;;;
G0B;Taux de sortie;2011;19.31;;;
G1Z;Taux de sortie;2011;11.31;;;
H0Z;Taux de sortie;2011;9.52;;;
J0Z;Taux de sortie;2011;37.96;;;
J1Z;Taux de sortie;2011;19.78;;;
J3Z;Taux de sortie;2011;29.65;;;
J4Z;Taux de sortie;2011;15.94;;;
J5Z;Taux de sortie;2011;25.9;;;
J6Z;Taux de sortie;2011;7.25;;;
K0Z;Taux de sortie;2011;120.66;;;
L0Z;Taux de sortie;2011;24.12;;;
L1Z;Taux de sortie;2011;15.75;;;
L2Z;Taux de sortie;2011;121.34;;;
L3Z;Taux de sortie;2011;13.11;;;
L4Z;Taux de sortie;2011;10.27;;;
L5Z;Taux de sortie;2011;14.93;;;
L6Z;Taux de sortie;2011;150;;;
M0Z;Taux de sortie;2011;43.69;;;
M1Z;Taux de sortie;2011;14.72;;;
M2Z;Taux de sortie;2011;17.84;;;
N0Z;Taux de sortie;2011;9.49;;;
P0Z;Taux de sortie;2011;2.91;;;
P1Z;Taux de sortie;2011;17.77;;;
P2Z;Taux de sortie;2011;3.09;;;
P3Z;Taux de sortie;2011;13.18;;;
P4Z;Taux de sortie;2011;8.17;;;
Q0Z;Taux de sortie;2011;14.78;;;
Q1Z;Taux de sortie;2011;12.59;;;
Q2Z;Taux de sortie;2011;4.02;;;
R0Z;Taux de sortie;2011;159.13;;;
R1Z;Taux de sortie;2011;59.21;;;
R2Z;Taux de sortie;2011;13.4;;;
R3Z;Taux de sortie;2011;27.2;;;
R4Z;Taux de sortie;2011;13.91;;;
S0Z;Taux de sortie;2011;29.26;;;
S1Z;Taux de sortie;2011;90.41;;;
S2Z;Taux de sortie;2011;136.14;;;
S3Z;Taux de sortie;2011;11.1;;;
T0Z;Taux de sortie;2011;26.64;;;
T1Z;Taux de sortie;2011;86.41;;;
T2A;Taux de sortie;2011;63.75;;;
T2B;Taux de sortie;2011;27.5;;;
T3Z;Taux de sortie;2011;86.54;;;
T4Z;Taux de sortie;2011;182.68;;;
T6Z;Taux de sortie;2011;879.17;;;
U0Z;Taux de sortie;2011;46.52;;;
U1Z;Taux de sortie;2011;315.9;;;
V0Z;Taux de sortie;2011;185.92;;;
V1Z;Taux de sortie;2011;147.88;;;
V2Z;Taux de sortie;2011;67.49;;;
V3Z;Taux de sortie;2011;26.86;;;
V4Z;Taux de sortie;2011;63.39;;;
V5Z;Taux de sortie;2011;163.74;;;
W0Z;Taux de sortie;2011;39.33;;;
W1Z;Taux de sortie;2011;71.69;;;
X0Z;Taux de sortie;2011;2.08;;;
ZZZ;Taux de sortie;2011;3829.87;;;
A0Z;Taux de sortie;2012;288.7;;;
A1Z;Taux de sortie;2012;236.62;;;
A2Z;Taux de sortie;2012;16.48;;;
A3Z;Taux de sortie;2012;65.04;;;
B0Z;Taux de sortie;2012;21.12;;;
B1Z;Taux de sortie;2012;28.36;;;
B2Z;Taux de sortie;2012;17.1;;;
B3Z;Taux de sortie;2012;42.51;;;
B4Z;Taux de sortie;2012;22.6;;;
B5Z;Taux de sortie;2012;12.86;;;
B6Z;Taux de sortie;2012;11;;;
B7Z;Taux de sortie;2012;11.16;;;
C0Z;Taux de sortie;2012;29.35;;;
C1Z;Taux de sortie;2012;20.37;;;
C2Z;Taux de sortie;2012;6.53;;;
D0Z;Taux de sortie;2012;11.76;;;
D1Z;Taux de sortie;2012;11.09;;;
D2Z;Taux de sortie;2012;16.12;;;
D3Z;Taux de sortie;2012;12.55;;;
D4Z;Taux de sortie;2012;10.32;;;
D6Z;Taux de sortie;2012;5.17;;;
E0Z;Taux de sortie;2012;76.38;;;
E1Z;Taux de sortie;2012;33.42;;;
E2Z;Taux de sortie;2012;9.76;;;
Ensemble;Taux de sortie;2012;56.99;;;
F0Z;Taux de sortie;2012;26.6;;;
F1Z;Taux de sortie;2012;19.11;;;
F2Z;Taux de sortie;2012;14.68;;;
F3Z;Taux de sortie;2012;6.78;;;
F4Z;Taux de sortie;2012;29.88;;;
F5Z;Taux de sortie;2012;14.48;;;
G0A;Taux de sortie;2012;35.8;;;
G0B;Taux de sortie;2012;21.08;;;
G1Z;Taux de sortie;2012;11.38;;;
H0Z;Taux de sortie;2012;9.3;;;
J0Z;Taux de sortie;2012;39.61;;;
J1Z;Taux de sortie;2012;18.34;;;
J3Z;Taux de sortie;2012;31.74;;;
J4Z;Taux de sortie;2012;15.53;;;
J5Z;Taux de sortie;2012;22.37;;;
J6Z;Taux de sortie;2012;7.71;;;
K0Z;Taux de sortie;2012;116.63;;;
L0Z;Taux de sortie;2012;24.5;;;
L1Z;Taux de sortie;2012;17.66;;;
L2Z;Taux de sortie;2012;136;;;
L3Z;Taux de sortie;2012;13.29;;;
L4Z;Taux de sortie;2012;10.12;;;
L5Z;Taux de sortie;2012;13.45;;;
L6Z;Taux de sortie;2012;146.47;;;
M0Z;Taux de sortie;2012;40.16;;;
M1Z;Taux de sortie;2012;14.29;;;
M2Z;Taux de sortie;2012;15.29;;;
N0Z;Taux de sortie;2012;8.93;;;
P0Z;Taux de sortie;2012;3.21;;;
P1Z;Taux de sortie;2012;23.54;;;
P2Z;Taux de sortie;2012;2.54;;;
P3Z;Taux de sortie;2012;11.85;;;
P4Z;Taux de sortie;2012;10.91;;;
Q0Z;Taux de sortie;2012;15.07;;;
Q1Z;Taux de sortie;2012;12.75;;;
Q2Z;Taux de sortie;2012;3.73;;;
R0Z;Taux de sortie;2012;150.75;;;
R1Z;Taux de sortie;2012;63.01;;;
R2Z;Taux de sortie;2012;11.41;;;
R3Z;Taux de sortie;2012;24.15;;;
R4Z;Taux de sortie;2012;12.96;;;
S0Z;Taux de sortie;2012;36.64;;;
S1Z;Taux de sortie;2012;93.2;;;
S2Z;Taux de sortie;2012;127.74;;;
S3Z;Taux de sortie;2012;9.3;;;
T0Z;Taux de sortie;2012;24.05;;;
T1Z;Taux de sortie;2012;72.3;;;
T2A;Taux de sortie;2012;65.07;;;
T2B;Taux de sortie;2012;30.01;;;
T3Z;Taux de sortie;2012;88.64;;;
T4Z;Taux de sortie;2012;183.08;;;
T6Z;Taux de sortie;2012;677.4;;;
U0Z;Taux de sortie;2012;45.29;;;
U1Z;Taux de sortie;2012;378.86;;;
V0Z;Taux de sortie;2012;198.13;;;
V1Z;Taux de sortie;2012;159.25;;;
V2Z;Taux de sortie;2012;65.12;;;
V3Z;Taux de sortie;2012;27.23;;;
V4Z;Taux de sortie;2012;63.98;;;
V5Z;Taux de sortie;2012;194.11;;;
W0Z;Taux de sortie;2012;40.47;;;
W1Z;Taux de sortie;2012;77.06;;;
X0Z;Taux de sortie;2012;0.97;;;
ZZZ;Taux de sortie;2012;5771.62;;;
A0Z;Taux de sortie;2013;252.72;;;
A1Z;Taux de sortie;2013;132.27;;;
A2Z;Taux de sortie;2013;11.72;;;
A3Z;Taux de sortie;2013;75.4;;;
B0Z;Taux de sortie;2013;24.28;;;
B1Z;Taux de sortie;2013;33.71;;;
B2Z;Taux de sortie;2013;17.59;;;
B3Z;Taux de sortie;2013;48.41;;;
B4Z;Taux de sortie;2013;25.53;;;
B5Z;Taux de sortie;2013;13.29;;;
B6Z;Taux de sortie;2013;11.84;;;
B7Z;Taux de sortie;2013;13.74;;;
C0Z;Taux de sortie;2013;30.69;;;
C1Z;Taux de sortie;2013;27.86;;;
C2Z;Taux de sortie;2013;6.04;;;
D0Z;Taux de sortie;2013;8.42;;;
D1Z;Taux de sortie;2013;11.52;;;
D2Z;Taux de sortie;2013;13.21;;;
D3Z;Taux de sortie;2013;11.14;;;
D4Z;Taux de sortie;2013;10.25;;;
D6Z;Taux de sortie;2013;4.96;;;
E0Z;Taux de sortie;2013;86.23;;;
E1Z;Taux de sortie;2013;32.34;;;
E2Z;Taux de sortie;2013;7.78;;;
Ensemble;Taux de sortie;2013;61.86;;;
F0Z;Taux de sortie;2013;29.27;;;
F1Z;Taux de sortie;2013;14.28;;;
F2Z;Taux de sortie;2013;16.41;;;
F3Z;Taux de sortie;2013;5;;;
F4Z;Taux de sortie;2013;29.05;;;
F5Z;Taux de sortie;2013;13.22;;;
G0A;Taux de sortie;2013;41.23;;;
G0B;Taux de sortie;2013;23.81;;;
G1Z;Taux de sortie;2013;12.32;;;
H0Z;Taux de sortie;2013;8.92;;;
J0Z;Taux de sortie;2013;38.52;;;
J1Z;Taux de sortie;2013;19.13;;;
J3Z;Taux de sortie;2013;32.58;;;
J4Z;Taux de sortie;2013;16.12;;;
J5Z;Taux de sortie;2013;29.26;;;
J6Z;Taux de sortie;2013;7.72;;;
K0Z;Taux de sortie;2013;136.78;;;
L0Z;Taux de sortie;2013;31.22;;;
L1Z;Taux de sortie;2013;21.33;;;
L2Z;Taux de sortie;2013;164.28;;;
L3Z;Taux de sortie;2013;13.54;;;
L4Z;Taux de sortie;2013;9.95;;;
L5Z;Taux de sortie;2013;14.39;;;
L6Z;Taux de sortie;2013;157.48;;;
M0Z;Taux de sortie;2013;42.56;;;
M1Z;Taux de sortie;2013;14.81;;;
M2Z;Taux de sortie;2013;14.87;;;
N0Z;Taux de sortie;2013;8.44;;;
P0Z;Taux de sortie;2013;4.11;;;
P1Z;Taux de sortie;2013;2.09;;;
P2Z;Taux de sortie;2013;4.03;;;
P3Z;Taux de sortie;2013;8.32;;;
P4Z;Taux de sortie;2013;68.54;;;
Q0Z;Taux de sortie;2013;18.52;;;
Q1Z;Taux de sortie;2013;14.65;;;
Q2Z;Taux de sortie;2013;4.37;;;
R0Z;Taux de sortie;2013;172.21;;;
R1Z;Taux de sortie;2013;64.7;;;
R2Z;Taux de sortie;2013;11.48;;;
R3Z;Taux de sortie;2013;41.59;;;
R4Z;Taux de sortie;2013;14.64;;;
S0Z;Taux de sortie;2013;37.12;;;
S1Z;Taux de sortie;2013;103.55;;;
S2Z;Taux de sortie;2013;152.31;;;
S3Z;Taux de sortie;2013;12.36;;;
T0Z;Taux de sortie;2013;30.49;;;
T1Z;Taux de sortie;2013;39.15;;;
T2A;Taux de sortie;2013;60.39;;;
T2B;Taux de sortie;2013;5.8;;;
T3Z;Taux de sortie;2013;95.13;;;
T4Z;Taux de sortie;2013;202.37;;;
T6Z;Taux de sortie;2013;1035.49;;;
U0Z;Taux de sortie;2013;44.59;;;
U1Z;Taux de sortie;2013;574.54;;;
V0Z;Taux de sortie;2013;227.08;;;
V1Z;Taux de sortie;2013;179.29;;;
V2Z;Taux de sortie;2013;61.08;;;
V3Z;Taux de sortie;2013;26.13;;;
V4Z;Taux de sortie;2013;68.76;;;
V5Z;Taux de sortie;2013;193.38;;;
W0Z;Taux de sortie;2013;43.08;;;
W1Z;Taux de sortie;2013;118.59;;;
X0Z;Taux de sortie;2013;2.23;;;
ZZZ;Taux de sortie;2013;2196.66;;;
A0Z;Taux de sortie;2014;141.55;;;
A1Z;Taux de sortie;2014;137.85;;;
A2Z;Taux de sortie;2014;12.17;;;
A3Z;Taux de sortie;2014;51.88;;;
B0Z;Taux de sortie;2014;23.32;;;
B1Z;Taux de sortie;2014;29.58;;;
B2Z;Taux de sortie;2014;16.06;;;
B3Z;Taux de sortie;2014;48.87;;;
B4Z;Taux de sortie;2014;22.32;;;
B5Z;Taux de sortie;2014;15.26;;;
B6Z;Taux de sortie;2014;10.55;;;
B7Z;Taux de sortie;2014;11.7;;;
C0Z;Taux de sortie;2014;30.86;;;
C1Z;Taux de sortie;2014;23.86;;;
C2Z;Taux de sortie;2014;6.48;;;
D0Z;Taux de sortie;2014;10.46;;;
D1Z;Taux de sortie;2014;10.97;;;
D2Z;Taux de sortie;2014;14.85;;;
D3Z;Taux de sortie;2014;11.14;;;
D4Z;Taux de sortie;2014;9.45;;;
D6Z;Taux de sortie;2014;4.84;;;
E0Z;Taux de sortie;2014;81.75;;;
E1Z;Taux de sortie;2014;30.63;;;
E2Z;Taux de sortie;2014;7.52;;;
Ensemble;Taux de sortie;2014;61.95;;;
F0Z;Taux de sortie;2014;29.8;;;
F1Z;Taux de sortie;2014;14.23;;;
F2Z;Taux de sortie;2014;11.87;;;
F3Z;Taux de sortie;2014;5.01;;;
F4Z;Taux de sortie;2014;34.68;;;
F5Z;Taux de sortie;2014;9.29;;;
G0A;Taux de sortie;2014;44.37;;;
G0B;Taux de sortie;2014;23;;;
G1Z;Taux de sortie;2014;14.7;;;
H0Z;Taux de sortie;2014;8.48;;;
J0Z;Taux de sortie;2014;40.25;;;
J1Z;Taux de sortie;2014;18.26;;;
J3Z;Taux de sortie;2014;31.3;;;
J4Z;Taux de sortie;2014;18.47;;;
J5Z;Taux de sortie;2014;27.73;;;
J6Z;Taux de sortie;2014;15.54;;;
K0Z;Taux de sortie;2014;134.18;;;
L0Z;Taux de sortie;2014;22.51;;;
L1Z;Taux de sortie;2014;20.04;;;
L2Z;Taux de sortie;2014;149.54;;;
L3Z;Taux de sortie;2014;14.64;;;
L4Z;Taux de sortie;2014;9.95;;;
L5Z;Taux de sortie;2014;15.31;;;
L6Z;Taux de sortie;2014;122.25;;;
M0Z;Taux de sortie;2014;42.53;;;
M1Z;Taux de sortie;2014;12.54;;;
M2Z;Taux de sortie;2014;15.64;;;
N0Z;Taux de sortie;2014;8.35;;;
P0Z;Taux de sortie;2014;3.89;;;
P1Z;Taux de sortie;2014;0.95;;;
P2Z;Taux de sortie;2014;3.47;;;
P3Z;Taux de sortie;2014;13.34;;;
P4Z;Taux de sortie;2014;4.39;;;
Q0Z;Taux de sortie;2014;16.76;;;
Q1Z;Taux de sortie;2014;14.83;;;
Q2Z;Taux de sortie;2014;4.62;;;
R0Z;Taux de sortie;2014;184.25;;;
R1Z;Taux de sortie;2014;64.75;;;
R2Z;Taux de sortie;2014;11.81;;;
R3Z;Taux de sortie;2014;42.43;;;
R4Z;Taux de sortie;2014;14.66;;;
S0Z;Taux de sortie;2014;30.29;;;
S1Z;Taux de sortie;2014;101.24;;;
S2Z;Taux de sortie;2014;161.86;;;
S3Z;Taux de sortie;2014;13.31;;;
T0Z;Taux de sortie;2014;26.85;;;
T1Z;Taux de sortie;2014;65.82;;;
T2A;Taux de sortie;2014;53.63;;;
T2B;Taux de sortie;2014;3.77;;;
T3Z;Taux de sortie;2014;89.36;;;
T4Z;Taux de sortie;2014;197.17;;;
T6Z;Taux de sortie;2014;1173.18;;;
U0Z;Taux de sortie;2014;46.73;;;
U1Z;Taux de sortie;2014;634.05;;;
V0Z;Taux de sortie;2014;249.9;;;
V1Z;Taux de sortie;2014;188.27;;;
V2Z;Taux de sortie;2014;65.85;;;
V3Z;Taux de sortie;2014;30.16;;;
V4Z;Taux de sortie;2014;71.26;;;
V5Z;Taux de sortie;2014;169.93;;;
W0Z;Taux de sortie;2014;49.43;;;
W1Z;Taux de sortie;2014;109.33;;;
X0Z;Taux de sortie;2014;1.22;;;
ZZZ;Taux de sortie;2014;1141.87;;;
A0Z;Taux de rotation;2007;65.8;;;
A1Z;Taux de rotation;2007;89.41;;;
A2Z;Taux de rotation;2007;14.53;;;
A3Z;Taux de rotation;2007;53.75;;;
B0Z;Taux de rotation;2007;41.24;;;
B1Z;Taux de rotation;2007;44.17;;;
B2Z;Taux de rotation;2007;32.14;;;
B3Z;Taux de rotation;2007;60.71;;;
B4Z;Taux de rotation;2007;27.41;;;
B5Z;Taux de rotation;2007;24.64;;;
B6Z;Taux de rotation;2007;20.42;;;
B7Z;Taux de rotation;2007;25.54;;;
C0Z;Taux de rotation;2007;24.81;;;
C1Z;Taux de rotation;2007;21.39;;;
C2Z;Taux de rotation;2007;13;;;
D0Z;Taux de rotation;2007;17.7;;;
D1Z;Taux de rotation;2007;13.13;;;
D2Z;Taux de rotation;2007;23.1;;;
D3Z;Taux de rotation;2007;22.42;;;
D4Z;Taux de rotation;2007;13.74;;;
D6Z;Taux de rotation;2007;6.5;;;
E0Z;Taux de rotation;2007;86.73;;;
E1Z;Taux de rotation;2007;33.61;;;
E2Z;Taux de rotation;2007;9.68;;;
Ensemble;Taux de rotation;2007;51.82;;;
F0Z;Taux de rotation;2007;25.59;;;
F1Z;Taux de rotation;2007;25.18;;;
F2Z;Taux de rotation;2007;41.96;;;
F3Z;Taux de rotation;2007;15.75;;;
F4Z;Taux de rotation;2007;29.28;;;
F5Z;Taux de rotation;2007;11.38;;;
G0A;Taux de rotation;2007;32.12;;;
G0B;Taux de rotation;2007;26.93;;;
G1Z;Taux de rotation;2007;15.9;;;
H0Z;Taux de rotation;2007;11.58;;;
J0Z;Taux de rotation;2007;61.28;;;
J1Z;Taux de rotation;2007;24.21;;;
J3Z;Taux de rotation;2007;47.38;;;
J4Z;Taux de rotation;2007;23.64;;;
J5Z;Taux de rotation;2007;30.55;;;
J6Z;Taux de rotation;2007;18.2;;;
K0Z;Taux de rotation;2007;138.62;;;
L0Z;Taux de rotation;2007;30.01;;;
L1Z;Taux de rotation;2007;22.7;;;
L2Z;Taux de rotation;2007;114.57;;;
L3Z;Taux de rotation;2007;14.03;;;
L4Z;Taux de rotation;2007;15.88;;;
L5Z;Taux de rotation;2007;17.78;;;
L6Z;Taux de rotation;2007;227.98;;;
M0Z;Taux de rotation;2007;60.6;;;
M1Z;Taux de rotation;2007;24.88;;;
M2Z;Taux de rotation;2007;22.69;;;
N0Z;Taux de rotation;2007;15.53;;;
P0Z;Taux de rotation;2007;3.56;;;
P1Z;Taux de rotation;2007;4.75;;;
P2Z;Taux de rotation;2007;2.97;;;
P3Z;Taux de rotation;2007;16.14;;;
P4Z;Taux de rotation;2007;23.51;;;
Q0Z;Taux de rotation;2007;17.53;;;
Q1Z;Taux de rotation;2007;15.15;;;
Q2Z;Taux de rotation;2007;6.08;;;
R0Z;Taux de rotation;2007;142.33;;;
R1Z;Taux de rotation;2007;72;;;
R2Z;Taux de rotation;2007;20.9;;;
R3Z;Taux de rotation;2007;22.71;;;
R4Z;Taux de rotation;2007;16.53;;;
S0Z;Taux de rotation;2007;36.51;;;
S1Z;Taux de rotation;2007;123.33;;;
S2Z;Taux de rotation;2007;160.05;;;
S3Z;Taux de rotation;2007;16.84;;;
T0Z;Taux de rotation;2007;41.62;;;
T1Z;Taux de rotation;2007;33.94;;;
T2A;Taux de rotation;2007;52.41;;;
T2B;Taux de rotation;2007;18.47;;;
T3Z;Taux de rotation;2007;71.87;;;
T4Z;Taux de rotation;2007;165.51;;;
T6Z;Taux de rotation;2007;517.37;;;
U0Z;Taux de rotation;2007;42.22;;;
U1Z;Taux de rotation;2007;268.08;;;
V0Z;Taux de rotation;2007;115.3;;;
V1Z;Taux de rotation;2007;101.95;;;
V2Z;Taux de rotation;2007;77.03;;;
V3Z;Taux de rotation;2007;27.96;;;
V4Z;Taux de rotation;2007;47.88;;;
V5Z;Taux de rotation;2007;199.08;;;
W0Z;Taux de rotation;2007;36.55;;;
W1Z;Taux de rotation;2007;95.51;;;
X0Z;Taux de rotation;2007;1.56;;;
ZZZ;Taux de rotation;2007;483.83;;;
A0Z;Taux de rotation;2008;62.16;;;
A1Z;Taux de rotation;2008;99.24;;;
A2Z;Taux de rotation;2008;15.67;;;
A3Z;Taux de rotation;2008;128.57;;;
B0Z;Taux de rotation;2008;36.73;;;
B1Z;Taux de rotation;2008;40.16;;;
B2Z;Taux de rotation;2008;27.83;;;
B3Z;Taux de rotation;2008;64.82;;;
B4Z;Taux de rotation;2008;26.21;;;
B5Z;Taux de rotation;2008;20.51;;;
B6Z;Taux de rotation;2008;21.68;;;
B7Z;Taux de rotation;2008;21.44;;;
C0Z;Taux de rotation;2008;32.78;;;
C1Z;Taux de rotation;2008;20.16;;;
C2Z;Taux de rotation;2008;9.37;;;
D0Z;Taux de rotation;2008;17.93;;;
D1Z;Taux de rotation;2008;11.93;;;
D2Z;Taux de rotation;2008;18.27;;;
D3Z;Taux de rotation;2008;17.81;;;
D4Z;Taux de rotation;2008;13.61;;;
D6Z;Taux de rotation;2008;7.39;;;
E0Z;Taux de rotation;2008;85.37;;;
E1Z;Taux de rotation;2008;33.85;;;
E2Z;Taux de rotation;2008;11.73;;;
Ensemble;Taux de rotation;2008;51.05;;;
F0Z;Taux de rotation;2008;22.6;;;
F1Z;Taux de rotation;2008;30.55;;;
F2Z;Taux de rotation;2008;29.12;;;
F3Z;Taux de rotation;2008;16.76;;;
F4Z;Taux de rotation;2008;27.67;;;
F5Z;Taux de rotation;2008;14.39;;;
G0A;Taux de rotation;2008;34.11;;;
G0B;Taux de rotation;2008;26.18;;;
G1Z;Taux de rotation;2008;13.04;;;
H0Z;Taux de rotation;2008;11.02;;;
J0Z;Taux de rotation;2008;51.45;;;
J1Z;Taux de rotation;2008;22.27;;;
J3Z;Taux de rotation;2008;38.42;;;
J4Z;Taux de rotation;2008;21.96;;;
J5Z;Taux de rotation;2008;29.01;;;
J6Z;Taux de rotation;2008;13;;;
K0Z;Taux de rotation;2008;163.03;;;
L0Z;Taux de rotation;2008;29.53;;;
L1Z;Taux de rotation;2008;22.57;;;
L2Z;Taux de rotation;2008;118.04;;;
L3Z;Taux de rotation;2008;16.36;;;
L4Z;Taux de rotation;2008;16.22;;;
L5Z;Taux de rotation;2008;19.44;;;
L6Z;Taux de rotation;2008;184.17;;;
M0Z;Taux de rotation;2008;72.8;;;
M1Z;Taux de rotation;2008;22.84;;;
M2Z;Taux de rotation;2008;23.28;;;
N0Z;Taux de rotation;2008;14.11;;;
P0Z;Taux de rotation;2008;2.88;;;
P1Z;Taux de rotation;2008;1.6;;;
P2Z;Taux de rotation;2008;2.41;;;
P3Z;Taux de rotation;2008;7.58;;;
P4Z;Taux de rotation;2008;7.24;;;
Q0Z;Taux de rotation;2008;18.24;;;
Q1Z;Taux de rotation;2008;13.36;;;
Q2Z;Taux de rotation;2008;6.14;;;
R0Z;Taux de rotation;2008;141.57;;;
R1Z;Taux de rotation;2008;75.5;;;
R2Z;Taux de rotation;2008;19.12;;;
R3Z;Taux de rotation;2008;24.13;;;
R4Z;Taux de rotation;2008;16.94;;;
S0Z;Taux de rotation;2008;40.95;;;
S1Z;Taux de rotation;2008;120.32;;;
S2Z;Taux de rotation;2008;152.49;;;
S3Z;Taux de rotation;2008;18.97;;;
T0Z;Taux de rotation;2008;40.56;;;
T1Z;Taux de rotation;2008;54.09;;;
T2A;Taux de rotation;2008;66.55;;;
T2B;Taux de rotation;2008;20.92;;;
T3Z;Taux de rotation;2008;75.54;;;
T4Z;Taux de rotation;2008;167.49;;;
T6Z;Taux de rotation;2008;556.94;;;
U0Z;Taux de rotation;2008;49.88;;;
U1Z;Taux de rotation;2008;214.74;;;
V0Z;Taux de rotation;2008;127.03;;;
V1Z;Taux de rotation;2008;104.52;;;
V2Z;Taux de rotation;2008;74.54;;;
V3Z;Taux de rotation;2008;22.7;;;
V4Z;Taux de rotation;2008;53.55;;;
V5Z;Taux de rotation;2008;182.04;;;
W0Z;Taux de rotation;2008;49;;;
W1Z;Taux de rotation;2008;89.63;;;
X0Z;Taux de rotation;2008;1.71;;;
ZZZ;Taux de rotation;2008;450.13;;;
A0Z;Taux de rotation;2009;100.35;;;
A1Z;Taux de rotation;2009;135.5;;;
A2Z;Taux de rotation;2009;10.79;;;
A3Z;Taux de rotation;2009;78.21;;;
B0Z;Taux de rotation;2009;28.89;;;
B1Z;Taux de rotation;2009;29.37;;;
B2Z;Taux de rotation;2009;21.11;;;
B3Z;Taux de rotation;2009;45.11;;;
B4Z;Taux de rotation;2009;23.94;;;
B5Z;Taux de rotation;2009;15.89;;;
B6Z;Taux de rotation;2009;13.94;;;
B7Z;Taux de rotation;2009;14.29;;;
C0Z;Taux de rotation;2009;21.53;;;
C1Z;Taux de rotation;2009;18.02;;;
C2Z;Taux de rotation;2009;7.89;;;
D0Z;Taux de rotation;2009;10.22;;;
D1Z;Taux de rotation;2009;9.64;;;
D2Z;Taux de rotation;2009;12.56;;;
D3Z;Taux de rotation;2009;15.74;;;
D4Z;Taux de rotation;2009;9.61;;;
D6Z;Taux de rotation;2009;4.6;;;
E0Z;Taux de rotation;2009;69.99;;;
E1Z;Taux de rotation;2009;29.91;;;
E2Z;Taux de rotation;2009;7.91;;;
Ensemble;Taux de rotation;2009;49.26;;;
F0Z;Taux de rotation;2009;16.27;;;
F1Z;Taux de rotation;2009;16.97;;;
F2Z;Taux de rotation;2009;19.62;;;
F3Z;Taux de rotation;2009;11.4;;;
F4Z;Taux de rotation;2009;22.99;;;
F5Z;Taux de rotation;2009;11.64;;;
G0A;Taux de rotation;2009;32.08;;;
G0B;Taux de rotation;2009;23.44;;;
G1Z;Taux de rotation;2009;13.84;;;
H0Z;Taux de rotation;2009;8.91;;;
J0Z;Taux de rotation;2009;44.17;;;
J1Z;Taux de rotation;2009;19.59;;;
J3Z;Taux de rotation;2009;35.96;;;
J4Z;Taux de rotation;2009;20.29;;;
J5Z;Taux de rotation;2009;22.4;;;
J6Z;Taux de rotation;2009;8.65;;;
K0Z;Taux de rotation;2009;160.62;;;
L0Z;Taux de rotation;2009;25.28;;;
L1Z;Taux de rotation;2009;17.08;;;
L2Z;Taux de rotation;2009;114.93;;;
L3Z;Taux de rotation;2009;13.73;;;
L4Z;Taux de rotation;2009;12.43;;;
L5Z;Taux de rotation;2009;14.36;;;
L6Z;Taux de rotation;2009;145.56;;;
M0Z;Taux de rotation;2009;49.41;;;
M1Z;Taux de rotation;2009;16.28;;;
M2Z;Taux de rotation;2009;16.69;;;
N0Z;Taux de rotation;2009;8.48;;;
P0Z;Taux de rotation;2009;3.2;;;
P1Z;Taux de rotation;2009;0.74;;;
P2Z;Taux de rotation;2009;2.24;;;
P3Z;Taux de rotation;2009;6.65;;;
P4Z;Taux de rotation;2009;4.72;;;
Q0Z;Taux de rotation;2009;17.99;;;
Q1Z;Taux de rotation;2009;12.99;;;
Q2Z;Taux de rotation;2009;4.5;;;
R0Z;Taux de rotation;2009;147.9;;;
R1Z;Taux de rotation;2009;66.59;;;
R2Z;Taux de rotation;2009;23.38;;;
R3Z;Taux de rotation;2009;18.34;;;
R4Z;Taux de rotation;2009;14.22;;;
S0Z;Taux de rotation;2009;36.58;;;
S1Z;Taux de rotation;2009;126.53;;;
S2Z;Taux de rotation;2009;143.03;;;
S3Z;Taux de rotation;2009;16.8;;;
T0Z;Taux de rotation;2009;36.81;;;
T1Z;Taux de rotation;2009;113.22;;;
T2A;Taux de rotation;2009;59.18;;;
T2B;Taux de rotation;2009;35.15;;;
T3Z;Taux de rotation;2009;80.01;;;
T4Z;Taux de rotation;2009;159.1;;;
T6Z;Taux de rotation;2009;778.12;;;
U0Z;Taux de rotation;2009;44.31;;;
U1Z;Taux de rotation;2009;271.71;;;
V0Z;Taux de rotation;2009;141.5;;;
V1Z;Taux de rotation;2009;111.26;;;
V2Z;Taux de rotation;2009;70.97;;;
V3Z;Taux de rotation;2009;28.31;;;
V4Z;Taux de rotation;2009;55.37;;;
V5Z;Taux de rotation;2009;178.82;;;
W0Z;Taux de rotation;2009;41.53;;;
W1Z;Taux de rotation;2009;76.69;;;
X0Z;Taux de rotation;2009;1.57;;;
ZZZ;Taux de rotation;2009;309.55;;;
A0Z;Taux de rotation;2010;176.43;;;
A1Z;Taux de rotation;2010;183.49;;;
A2Z;Taux de rotation;2010;12.19;;;
A3Z;Taux de rotation;2010;91.14;;;
B0Z;Taux de rotation;2010;24.92;;;
B1Z;Taux de rotation;2010;30.08;;;
B2Z;Taux de rotation;2010;22.17;;;
B3Z;Taux de rotation;2010;39.36;;;
B4Z;Taux de rotation;2010;30.12;;;
B5Z;Taux de rotation;2010;22.55;;;
B6Z;Taux de rotation;2010;14.24;;;
B7Z;Taux de rotation;2010;15.08;;;
C0Z;Taux de rotation;2010;26.86;;;
C1Z;Taux de rotation;2010;20.1;;;
C2Z;Taux de rotation;2010;6.98;;;
D0Z;Taux de rotation;2010;10.72;;;
D1Z;Taux de rotation;2010;9.83;;;
D2Z;Taux de rotation;2010;14.57;;;
D3Z;Taux de rotation;2010;14.67;;;
D4Z;Taux de rotation;2010;7.93;;;
D6Z;Taux de rotation;2010;4.73;;;
E0Z;Taux de rotation;2010;70.79;;;
E1Z;Taux de rotation;2010;29.75;;;
E2Z;Taux de rotation;2010;7.64;;;
Ensemble;Taux de rotation;2010;52.13;;;
F0Z;Taux de rotation;2010;23.03;;;
F1Z;Taux de rotation;2010;15.84;;;
F2Z;Taux de rotation;2010;15.98;;;
F3Z;Taux de rotation;2010;9.72;;;
F4Z;Taux de rotation;2010;24.74;;;
F5Z;Taux de rotation;2010;12.29;;;
G0A;Taux de rotation;2010;35.37;;;
G0B;Taux de rotation;2010;23.25;;;
G1Z;Taux de rotation;2010;13.13;;;
H0Z;Taux de rotation;2010;13.47;;;
J0Z;Taux de rotation;2010;44.93;;;
J1Z;Taux de rotation;2010;21.55;;;
J3Z;Taux de rotation;2010;31.68;;;
J4Z;Taux de rotation;2010;18.33;;;
J5Z;Taux de rotation;2010;28.1;;;
J6Z;Taux de rotation;2010;7.94;;;
K0Z;Taux de rotation;2010;158.61;;;
L0Z;Taux de rotation;2010;26.41;;;
L1Z;Taux de rotation;2010;18.39;;;
L2Z;Taux de rotation;2010;119.1;;;
L3Z;Taux de rotation;2010;14.33;;;
L4Z;Taux de rotation;2010;11.82;;;
L5Z;Taux de rotation;2010;15.55;;;
L6Z;Taux de rotation;2010;146.63;;;
M0Z;Taux de rotation;2010;43.38;;;
M1Z;Taux de rotation;2010;14.81;;;
M2Z;Taux de rotation;2010;18.11;;;
N0Z;Taux de rotation;2010;11.01;;;
P0Z;Taux de rotation;2010;4.44;;;
P1Z;Taux de rotation;2010;9.76;;;
P2Z;Taux de rotation;2010;7.59;;;
P3Z;Taux de rotation;2010;16.4;;;
P4Z;Taux de rotation;2010;9.03;;;
Q0Z;Taux de rotation;2010;16.83;;;
Q1Z;Taux de rotation;2010;13.08;;;
Q2Z;Taux de rotation;2010;4.18;;;
R0Z;Taux de rotation;2010;157.12;;;
R1Z;Taux de rotation;2010;72.19;;;
R2Z;Taux de rotation;2010;18.22;;;
R3Z;Taux de rotation;2010;19.21;;;
R4Z;Taux de rotation;2010;13.98;;;
S0Z;Taux de rotation;2010;41.18;;;
S1Z;Taux de rotation;2010;120.19;;;
S2Z;Taux de rotation;2010;137.99;;;
S3Z;Taux de rotation;2010;14.95;;;
T0Z;Taux de rotation;2010;35.36;;;
T1Z;Taux de rotation;2010;97.45;;;
T2A;Taux de rotation;2010;64.27;;;
T2B;Taux de rotation;2010;22.82;;;
T3Z;Taux de rotation;2010;76.71;;;
T4Z;Taux de rotation;2010;171.45;;;
T6Z;Taux de rotation;2010;791.94;;;
U0Z;Taux de rotation;2010;48.12;;;
U1Z;Taux de rotation;2010;312.66;;;
V0Z;Taux de rotation;2010;149.88;;;
V1Z;Taux de rotation;2010;109.59;;;
V2Z;Taux de rotation;2010;62.96;;;
V3Z;Taux de rotation;2010;30.23;;;
V4Z;Taux de rotation;2010;59.47;;;
V5Z;Taux de rotation;2010;167.4;;;
W0Z;Taux de rotation;2010;46.89;;;
W1Z;Taux de rotation;2010;75.01;;;
X0Z;Taux de rotation;2010;11.57;;;
ZZZ;Taux de rotation;2010;254.46;;;
A0Z;Taux de rotation;2011;106.41;;;
A1Z;Taux de rotation;2011;115.48;;;
A2Z;Taux de rotation;2011;14.24;;;
A3Z;Taux de rotation;2011;106.6;;;
B0Z;Taux de rotation;2011;25.11;;;
B1Z;Taux de rotation;2011;30.96;;;
B2Z;Taux de rotation;2011;20.18;;;
B3Z;Taux de rotation;2011;44.82;;;
B4Z;Taux de rotation;2011;25.51;;;
B5Z;Taux de rotation;2011;17.29;;;
B6Z;Taux de rotation;2011;13.67;;;
B7Z;Taux de rotation;2011;13.55;;;
C0Z;Taux de rotation;2011;27.26;;;
C1Z;Taux de rotation;2011;21.67;;;
C2Z;Taux de rotation;2011;8.39;;;
D0Z;Taux de rotation;2011;13.23;;;
D1Z;Taux de rotation;2011;12.31;;;
D2Z;Taux de rotation;2011;13.88;;;
D3Z;Taux de rotation;2011;13.81;;;
D4Z;Taux de rotation;2011;9.02;;;
D6Z;Taux de rotation;2011;5.78;;;
E0Z;Taux de rotation;2011;86.41;;;
E1Z;Taux de rotation;2011;31.83;;;
E2Z;Taux de rotation;2011;11.09;;;
Ensemble;Taux de rotation;2011;54.27;;;
F0Z;Taux de rotation;2011;28.32;;;
F1Z;Taux de rotation;2011;14.97;;;
F2Z;Taux de rotation;2011;14.52;;;
F3Z;Taux de rotation;2011;8.49;;;
F4Z;Taux de rotation;2011;27.61;;;
F5Z;Taux de rotation;2011;11.66;;;
G0A;Taux de rotation;2011;34.54;;;
G0B;Taux de rotation;2011;19.52;;;
G1Z;Taux de rotation;2011;12.1;;;
H0Z;Taux de rotation;2011;9.86;;;
J0Z;Taux de rotation;2011;38.48;;;
J1Z;Taux de rotation;2011;20.48;;;
J3Z;Taux de rotation;2011;30.51;;;
J4Z;Taux de rotation;2011;15.47;;;
J5Z;Taux de rotation;2011;26.44;;;
J6Z;Taux de rotation;2011;7.46;;;
K0Z;Taux de rotation;2011;124.76;;;
L0Z;Taux de rotation;2011;24.54;;;
L1Z;Taux de rotation;2011;17.13;;;
L2Z;Taux de rotation;2011;125.35;;;
L3Z;Taux de rotation;2011;14.1;;;
L4Z;Taux de rotation;2011;10.6;;;
L5Z;Taux de rotation;2011;15.38;;;
L6Z;Taux de rotation;2011;142.45;;;
M0Z;Taux de rotation;2011;47.97;;;
M1Z;Taux de rotation;2011;16.39;;;
M2Z;Taux de rotation;2011;20.48;;;
N0Z;Taux de rotation;2011;11.28;;;
P0Z;Taux de rotation;2011;3.1;;;
P1Z;Taux de rotation;2011;10.92;;;
P2Z;Taux de rotation;2011;3.7;;;
P3Z;Taux de rotation;2011;9.97;;;
P4Z;Taux de rotation;2011;7.43;;;
Q0Z;Taux de rotation;2011;15.83;;;
Q1Z;Taux de rotation;2011;12.65;;;
Q2Z;Taux de rotation;2011;3.81;;;
R0Z;Taux de rotation;2011;160.58;;;
R1Z;Taux de rotation;2011;60.02;;;
R2Z;Taux de rotation;2011;13.39;;;
R3Z;Taux de rotation;2011;27.03;;;
R4Z;Taux de rotation;2011;14.62;;;
S0Z;Taux de rotation;2011;30.67;;;
S1Z;Taux de rotation;2011;92.09;;;
S2Z;Taux de rotation;2011;137.39;;;
S3Z;Taux de rotation;2011;11.27;;;
T0Z;Taux de rotation;2011;26.66;;;
T1Z;Taux de rotation;2011;89.97;;;
T2A;Taux de rotation;2011;64.21;;;
T2B;Taux de rotation;2011;28.43;;;
T3Z;Taux de rotation;2011;88.81;;;
T4Z;Taux de rotation;2011;184.71;;;
T6Z;Taux de rotation;2011;905.25;;;
U0Z;Taux de rotation;2011;46.97;;;
U1Z;Taux de rotation;2011;315.71;;;
V0Z;Taux de rotation;2011;187.34;;;
V1Z;Taux de rotation;2011;148.74;;;
V2Z;Taux de rotation;2011;68.12;;;
V3Z;Taux de rotation;2011;28.05;;;
V4Z;Taux de rotation;2011;63.99;;;
V5Z;Taux de rotation;2011;162.94;;;
W0Z;Taux de rotation;2011;38.77;;;
W1Z;Taux de rotation;2011;72.41;;;
X0Z;Taux de rotation;2011;1.49;;;
ZZZ;Taux de rotation;2011;3897.31;;;
A0Z;Taux de rotation;2012;293.8;;;
A1Z;Taux de rotation;2012;242.41;;;
A2Z;Taux de rotation;2012;17.32;;;
A3Z;Taux de rotation;2012;66.6;;;
B0Z;Taux de rotation;2012;21.94;;;
B1Z;Taux de rotation;2012;27.42;;;
B2Z;Taux de rotation;2012;16.62;;;
B3Z;Taux de rotation;2012;42.99;;;
B4Z;Taux de rotation;2012;22.43;;;
B5Z;Taux de rotation;2012;13.02;;;
B6Z;Taux de rotation;2012;10.95;;;
B7Z;Taux de rotation;2012;11.87;;;
C0Z;Taux de rotation;2012;30.63;;;
C1Z;Taux de rotation;2012;22.05;;;
C2Z;Taux de rotation;2012;6.91;;;
D0Z;Taux de rotation;2012;10.51;;;
D1Z;Taux de rotation;2012;10.54;;;
D2Z;Taux de rotation;2012;16.42;;;
D3Z;Taux de rotation;2012;12.36;;;
D4Z;Taux de rotation;2012;10.58;;;
D6Z;Taux de rotation;2012;5.44;;;
E0Z;Taux de rotation;2012;77.41;;;
E1Z;Taux de rotation;2012;33.24;;;
E2Z;Taux de rotation;2012;9.73;;;
Ensemble;Taux de rotation;2012;57.62;;;
F0Z;Taux de rotation;2012;26.52;;;
F1Z;Taux de rotation;2012;17.48;;;
F2Z;Taux de rotation;2012;14.13;;;
F3Z;Taux de rotation;2012;6.11;;;
F4Z;Taux de rotation;2012;28.89;;;
F5Z;Taux de rotation;2012;12.98;;;
G0A;Taux de rotation;2012;35.91;;;
G0B;Taux de rotation;2012;19.99;;;
G1Z;Taux de rotation;2012;11.84;;;
H0Z;Taux de rotation;2012;9.5;;;
J0Z;Taux de rotation;2012;40.06;;;
J1Z;Taux de rotation;2012;18.48;;;
J3Z;Taux de rotation;2012;32.26;;;
J4Z;Taux de rotation;2012;15.51;;;
J5Z;Taux de rotation;2012;22.3;;;
J6Z;Taux de rotation;2012;7.89;;;
K0Z;Taux de rotation;2012;116.76;;;
L0Z;Taux de rotation;2012;24.77;;;
L1Z;Taux de rotation;2012;18.03;;;
L2Z;Taux de rotation;2012;139.66;;;
L3Z;Taux de rotation;2012;13.46;;;
L4Z;Taux de rotation;2012;9.91;;;
L5Z;Taux de rotation;2012;13.53;;;
L6Z;Taux de rotation;2012;133.92;;;
M0Z;Taux de rotation;2012;41.61;;;
M1Z;Taux de rotation;2012;15.43;;;
M2Z;Taux de rotation;2012;16.71;;;
N0Z;Taux de rotation;2012;10.12;;;
P0Z;Taux de rotation;2012;3.33;;;
P1Z;Taux de rotation;2012;13.2;;;
P2Z;Taux de rotation;2012;3.48;;;
P3Z;Taux de rotation;2012;13.88;;;
P4Z;Taux de rotation;2012;10.35;;;
Q0Z;Taux de rotation;2012;15.56;;;
Q1Z;Taux de rotation;2012;12.08;;;
Q2Z;Taux de rotation;2012;3.39;;;
R0Z;Taux de rotation;2012;152.68;;;
R1Z;Taux de rotation;2012;63.67;;;
R2Z;Taux de rotation;2012;11.56;;;
R3Z;Taux de rotation;2012;23.45;;;
R4Z;Taux de rotation;2012;13.17;;;
S0Z;Taux de rotation;2012;37.47;;;
S1Z;Taux de rotation;2012;93.49;;;
S2Z;Taux de rotation;2012;128.4;;;
S3Z;Taux de rotation;2012;8.92;;;
T0Z;Taux de rotation;2012;24.79;;;
T1Z;Taux de rotation;2012;73.05;;;
T2A;Taux de rotation;2012;66.28;;;
T2B;Taux de rotation;2012;30.77;;;
T3Z;Taux de rotation;2012;91.31;;;
T4Z;Taux de rotation;2012;184.96;;;
T6Z;Taux de rotation;2012;695.16;;;
U0Z;Taux de rotation;2012;45.84;;;
U1Z;Taux de rotation;2012;379.37;;;
V0Z;Taux de rotation;2012;199.54;;;
V1Z;Taux de rotation;2012;160.52;;;
V2Z;Taux de rotation;2012;64.64;;;
V3Z;Taux de rotation;2012;28.34;;;
V4Z;Taux de rotation;2012;65.16;;;
V5Z;Taux de rotation;2012;197.62;;;
W0Z;Taux de rotation;2012;40.82;;;
W1Z;Taux de rotation;2012;77.53;;;
X0Z;Taux de rotation;2012;1.14;;;
ZZZ;Taux de rotation;2012;5815.53;;;
A0Z;Taux de rotation;2013;254.67;;;
A1Z;Taux de rotation;2013;136.27;;;
A2Z;Taux de rotation;2013;13.02;;;
A3Z;Taux de rotation;2013;74.72;;;
B0Z;Taux de rotation;2013;24.55;;;
B1Z;Taux de rotation;2013;33.4;;;
B2Z;Taux de rotation;2013;17.43;;;
B3Z;Taux de rotation;2013;48.84;;;
B4Z;Taux de rotation;2013;25.32;;;
B5Z;Taux de rotation;2013;12.6;;;
B6Z;Taux de rotation;2013;11.78;;;
B7Z;Taux de rotation;2013;13.98;;;
C0Z;Taux de rotation;2013;33.29;;;
C1Z;Taux de rotation;2013;27.47;;;
C2Z;Taux de rotation;2013;6.14;;;
D0Z;Taux de rotation;2013;8.37;;;
D1Z;Taux de rotation;2013;10.62;;;
D2Z;Taux de rotation;2013;13.02;;;
D3Z;Taux de rotation;2013;10.92;;;
D4Z;Taux de rotation;2013;9.82;;;
D6Z;Taux de rotation;2013;4.73;;;
E0Z;Taux de rotation;2013;86.51;;;
E1Z;Taux de rotation;2013;31.54;;;
E2Z;Taux de rotation;2013;7.57;;;
Ensemble;Taux de rotation;2013;62.1;;;
F0Z;Taux de rotation;2013;31.43;;;
F1Z;Taux de rotation;2013;12.98;;;
F2Z;Taux de rotation;2013;15.78;;;
F3Z;Taux de rotation;2013;4.55;;;
F4Z;Taux de rotation;2013;27.48;;;
F5Z;Taux de rotation;2013;11.39;;;
G0A;Taux de rotation;2013;40.94;;;
G0B;Taux de rotation;2013;22.74;;;
G1Z;Taux de rotation;2013;12.48;;;
H0Z;Taux de rotation;2013;8.82;;;
J0Z;Taux de rotation;2013;39.12;;;
J1Z;Taux de rotation;2013;18.85;;;
J3Z;Taux de rotation;2013;32.93;;;
J4Z;Taux de rotation;2013;15.86;;;
J5Z;Taux de rotation;2013;28.49;;;
J6Z;Taux de rotation;2013;6.82;;;
K0Z;Taux de rotation;2013;137.54;;;
L0Z;Taux de rotation;2013;30.8;;;
L1Z;Taux de rotation;2013;21.22;;;
L2Z;Taux de rotation;2013;165.98;;;
L3Z;Taux de rotation;2013;13.45;;;
L4Z;Taux de rotation;2013;9.75;;;
L5Z;Taux de rotation;2013;13.95;;;
L6Z;Taux de rotation;2013;143.37;;;
M0Z;Taux de rotation;2013;42.38;;;
M1Z;Taux de rotation;2013;15.38;;;
M2Z;Taux de rotation;2013;15.95;;;
N0Z;Taux de rotation;2013;9.08;;;
P0Z;Taux de rotation;2013;4.08;;;
P1Z;Taux de rotation;2013;2.43;;;
P2Z;Taux de rotation;2013;3.85;;;
P3Z;Taux de rotation;2013;8.39;;;
P4Z;Taux de rotation;2013;67.35;;;
Q0Z;Taux de rotation;2013;19.42;;;
Q1Z;Taux de rotation;2013;14.04;;;
Q2Z;Taux de rotation;2013;3.83;;;
R0Z;Taux de rotation;2013;174.25;;;
R1Z;Taux de rotation;2013;65.15;;;
R2Z;Taux de rotation;2013;11.35;;;
R3Z;Taux de rotation;2013;40.6;;;
R4Z;Taux de rotation;2013;13.64;;;
S0Z;Taux de rotation;2013;37.33;;;
S1Z;Taux de rotation;2013;103.53;;;
S2Z;Taux de rotation;2013;151.71;;;
S3Z;Taux de rotation;2013;11.51;;;
T0Z;Taux de rotation;2013;29.17;;;
T1Z;Taux de rotation;2013;39.82;;;
T2A;Taux de rotation;2013;60.61;;;
T2B;Taux de rotation;2013;6;;;
T3Z;Taux de rotation;2013;96.68;;;
T4Z;Taux de rotation;2013;204.17;;;
T6Z;Taux de rotation;2013;1037.87;;;
U0Z;Taux de rotation;2013;44.45;;;
U1Z;Taux de rotation;2013;574.59;;;
V0Z;Taux de rotation;2013;229.54;;;
V1Z;Taux de rotation;2013;180.67;;;
V2Z;Taux de rotation;2013;62;;;
V3Z;Taux de rotation;2013;27.02;;;
V4Z;Taux de rotation;2013;70;;;
V5Z;Taux de rotation;2013;197.13;;;
W0Z;Taux de rotation;2013;43.25;;;
W1Z;Taux de rotation;2013;121.41;;;
X0Z;Taux de rotation;2013;2.71;;;
ZZZ;Taux de rotation;2013;2153.27;;;
A0Z;Taux de rotation;2014;142.77;;;
A1Z;Taux de rotation;2014;139.97;;;
A2Z;Taux de rotation;2014;12.12;;;
A3Z;Taux de rotation;2014;53.11;;;
B0Z;Taux de rotation;2014;23.43;;;
B1Z;Taux de rotation;2014;27.28;;;
B2Z;Taux de rotation;2014;15.14;;;
B3Z;Taux de rotation;2014;47.9;;;
B4Z;Taux de rotation;2014;21.65;;;
B5Z;Taux de rotation;2014;13.34;;;
B6Z;Taux de rotation;2014;9.95;;;
B7Z;Taux de rotation;2014;11.12;;;
C0Z;Taux de rotation;2014;31.11;;;
C1Z;Taux de rotation;2014;23.24;;;
C2Z;Taux de rotation;2014;6.64;;;
D0Z;Taux de rotation;2014;10.69;;;
D1Z;Taux de rotation;2014;9.74;;;
D2Z;Taux de rotation;2014;14.02;;;
D3Z;Taux de rotation;2014;10.72;;;
D4Z;Taux de rotation;2014;9.34;;;
D6Z;Taux de rotation;2014;4.92;;;
E0Z;Taux de rotation;2014;83.35;;;
E1Z;Taux de rotation;2014;30.41;;;
E2Z;Taux de rotation;2014;7.18;;;
Ensemble;Taux de rotation;2014;62;;;
F0Z;Taux de rotation;2014;30.9;;;
F1Z;Taux de rotation;2014;13.5;;;
F2Z;Taux de rotation;2014;12.18;;;
F3Z;Taux de rotation;2014;4.62;;;
F4Z;Taux de rotation;2014;33.37;;;
F5Z;Taux de rotation;2014;8.89;;;
G0A;Taux de rotation;2014;44.1;;;
G0B;Taux de rotation;2014;23.17;;;
G1Z;Taux de rotation;2014;15.01;;;
H0Z;Taux de rotation;2014;8.28;;;
J0Z;Taux de rotation;2014;40.92;;;
J1Z;Taux de rotation;2014;18.01;;;
J3Z;Taux de rotation;2014;32.11;;;
J4Z;Taux de rotation;2014;18.43;;;
J5Z;Taux de rotation;2014;27.91;;;
J6Z;Taux de rotation;2014;16.31;;;
K0Z;Taux de rotation;2014;133.46;;;
L0Z;Taux de rotation;2014;22.28;;;
L1Z;Taux de rotation;2014;20.45;;;
L2Z;Taux de rotation;2014;151.83;;;
L3Z;Taux de rotation;2014;14.32;;;
L4Z;Taux de rotation;2014;9.87;;;
L5Z;Taux de rotation;2014;15.36;;;
L6Z;Taux de rotation;2014;108.2;;;
M0Z;Taux de rotation;2014;43.96;;;
M1Z;Taux de rotation;2014;13.78;;;
M2Z;Taux de rotation;2014;16.4;;;
N0Z;Taux de rotation;2014;9.4;;;
P0Z;Taux de rotation;2014;3.9;;;
P1Z;Taux de rotation;2014;0.83;;;
P2Z;Taux de rotation;2014;3.36;;;
P3Z;Taux de rotation;2014;12.36;;;
P4Z;Taux de rotation;2014;4.08;;;
Q0Z;Taux de rotation;2014;17.58;;;
Q1Z;Taux de rotation;2014;15.34;;;
Q2Z;Taux de rotation;2014;4.49;;;
R0Z;Taux de rotation;2014;185.8;;;
R1Z;Taux de rotation;2014;64.57;;;
R2Z;Taux de rotation;2014;11.65;;;
R3Z;Taux de rotation;2014;42.37;;;
R4Z;Taux de rotation;2014;13.97;;;
S0Z;Taux de rotation;2014;30.21;;;
S1Z;Taux de rotation;2014;101.39;;;
S2Z;Taux de rotation;2014;162.25;;;
S3Z;Taux de rotation;2014;13.02;;;
T0Z;Taux de rotation;2014;26.21;;;
T1Z;Taux de rotation;2014;66.04;;;
T2A;Taux de rotation;2014;52.74;;;
T2B;Taux de rotation;2014;3.85;;;
T3Z;Taux de rotation;2014;90.15;;;
T4Z;Taux de rotation;2014;197.86;;;
T6Z;Taux de rotation;2014;1179.34;;;
U0Z;Taux de rotation;2014;46.93;;;
U1Z;Taux de rotation;2014;633.77;;;
V0Z;Taux de rotation;2014;251.21;;;
V1Z;Taux de rotation;2014;188.94;;;
V2Z;Taux de rotation;2014;65.53;;;
V3Z;Taux de rotation;2014;30;;;
V4Z;Taux de rotation;2014;71.65;;;
V5Z;Taux de rotation;2014;173.54;;;
W0Z;Taux de rotation;2014;48.64;;;
W1Z;Taux de rotation;2014;109.36;;;
X0Z;Taux de rotation;2014;1.79;;;
ZZZ;Taux de rotation;2014;1061.51;;;
